,solar,wind
0,0.0,0.1846
1,0.0,0.3146
2,0.0,0.4957
3,0.059,0.6824
4,0.063,0.7519
5,0.0,0.7663
6,0.0,0.811
7,0.0,0.8764
8,0.0,0.8771
9,0.0,0.8463
10,0.0,0.852
11,0.108,0.8246
12,0.079,0.7899
13,0.0,0.7035
14,0.0,0.672
15,0.0,0.555
16,0.0,0.5014
17,0.0,0.4475
18,0.0,0.4309
19,0.131,0.5387
20,0.083,0.6009
21,0.0,0.4565
22,0.0,0.3712
23,0.0,0.2591
24,0.0,0.2592
25,0.0,0.1739
26,0.0,0.1598
27,0.075,0.1903
28,0.035,0.3394
29,0.0,0.4495
30,0.0,0.4593
31,0.0,0.3633
32,0.0,0.3842
33,0.0,0.5215
34,0.0,0.6503
35,0.039,0.6313
36,0.064,0.5509
37,0.0,0.4557
38,0.0,0.4113
39,0.0,0.3607
40,0.0,0.3511
41,0.0,0.3805
42,0.0,0.331
43,0.233,0.3239
44,0.165,0.332
45,0.0,0.24
46,0.0,0.1937
47,0.0,0.1012
48,0.0,0.0789
49,0.0,0.1023
50,0.0,0.1084
51,0.125,0.0919
52,0.152,0.118
53,0.0,0.1636
54,0.0,0.249
55,0.0,0.3547
56,0.0,0.4996
57,0.0,0.5996
58,0.0,0.5694
59,0.114,0.6112
60,0.105,0.7685
61,0.0,0.7992
62,0.0,0.7674
63,0.0,0.6876
64,0.0,0.6607
65,0.0,0.6128
66,0.0,0.5576
67,0.083,0.5028
68,0.063,0.4954
69,0.0,0.4481
70,0.0,0.4195
71,0.0,0.3647
72,0.0,0.3498
73,0.0,0.3338
74,0.0,0.35
75,0.126,0.3224
76,0.135,0.3328
77,0.0,0.3119
78,0.0,0.2605
79,0.0,0.1885
80,0.0,0.1571
81,0.0,0.1493
82,0.0,0.1635
83,0.237,0.2048
84,0.209,0.3433
85,0.0,0.4075
86,0.0,0.4682
87,0.0,0.5146
88,0.0,0.5116
89,0.0,0.4842
90,0.0,0.4335
91,0.127,0.4288
92,0.128,0.4547
93,0.0,0.6102
94,0.0,0.7119
95,0.0,0.6079
96,0.0,0.45
97,0.0,0.4464
98,0.0,0.4712
99,0.104,0.5271
100,0.098,0.6504
101,0.0,0.7477
102,0.0,0.7655
103,0.0,0.7495
104,0.0,0.7693
105,0.0,0.8362
106,0.0,0.8618
107,0.298,0.8073
108,0.16,0.8033
109,0.0,0.7739
110,0.0,0.7361
111,0.0,0.636
112,0.0,0.6908
113,0.0,0.7142
114,0.0,0.7045
115,0.129,0.7385
116,0.139,0.8117
117,0.0,0.7824
118,0.0,0.8401
119,0.0,0.8477
120,0.0,0.783
121,0.0,0.6789
122,0.0,0.5269
123,0.213,0.3655
124,0.16,0.3394
125,0.0,0.3422
126,0.0,0.3592
127,0.0,0.4201
128,0.0,0.5008
129,0.0,0.5439
130,0.0,0.5953
131,0.213,0.4385
132,0.159,0.3684
133,0.0,0.5397
134,0.0,0.6434
135,0.0,0.529
136,0.0,0.4977
137,0.0,0.4842
138,0.0,0.3858
139,0.292,0.4326
140,0.362,0.2834
141,0.001,0.1041
142,0.0,0.0635
143,0.0,0.0332
144,0.0,0.016
145,0.0,0.0243
146,0.001,0.0534
147,0.379,0.0321
148,0.381,0.0601
149,0.001,0.1157
150,0.0,0.163
151,0.0,0.1389
152,0.0,0.1041
153,0.0,0.0768
154,0.0,0.0535
155,0.289,0.0436
156,0.321,0.0385
157,0.001,0.0581
158,0.0,0.0794
159,0.0,0.0637
160,0.0,0.047
161,0.0,0.0348
162,0.002,0.0273
163,0.439,0.0167
164,0.459,0.0127
165,0.002,0.0046
166,0.0,0.0247
167,0.0,0.0477
168,0.0,0.0595
169,0.0,0.0457
170,0.001,0.0402
171,0.414,0.0324
172,0.444,0.0314
173,0.003,0.0696
174,0.0,0.1437
175,0.0,0.1254
176,0.0,0.1144
177,0.0,0.1019
178,0.002,0.152
179,0.408,0.1843
180,0.353,0.2291
181,0.0,0.2393
182,0.0,0.2594
183,0.0,0.1958
184,0.0,0.1832
185,0.0,0.1724
186,0.001,0.1506
187,0.31,0.153
188,0.251,0.1119
189,0.0,0.0989
190,0.0,0.1034
191,0.0,0.0826
192,0.0,0.0575
193,0.0,0.0691
194,0.001,0.0819
195,0.205,0.078
196,0.185,0.1208
197,0.0,0.1046
198,0.0,0.1341
199,0.0,0.2254
200,0.0,0.3214
201,0.0,0.4108
202,0.0,0.4097
203,0.054,0.3473
204,0.046,0.4015
205,0.0,0.4326
206,0.0,0.4072
207,0.0,0.3541
208,0.0,0.3264
209,0.0,0.2803
210,0.0,0.3703
211,0.164,0.4139
212,0.153,0.4941
213,0.002,0.4516
214,0.0,0.4523
215,0.0,0.4178
216,0.0,0.3198
217,0.0,0.2818
218,0.0,0.2214
219,0.102,0.2745
220,0.133,0.3528
221,0.001,0.415
222,0.0,0.3882
223,0.0,0.3957
224,0.0,0.477
225,0.0,0.4865
226,0.004,0.4277
227,0.343,0.3477
228,0.324,0.1717
229,0.003,0.0656
230,0.0,0.0536
231,0.0,0.0917
232,0.0,0.1682
233,0.0,0.2179
234,0.008,0.2045
235,0.46,0.1898
236,0.431,0.2009
237,0.006,0.2419
238,0.0,0.3162
239,0.0,0.2466
240,0.0,0.1917
241,0.0,0.1296
242,0.003,0.0869
243,0.389,0.0479
244,0.348,0.0722
245,0.005,0.1214
246,0.0,0.272
247,0.0,0.229
248,0.0,0.2659
249,0.0,0.3
250,0.003,0.3699
251,0.189,0.3383
252,0.085,0.2674
253,0.001,0.3493
254,0.0,0.4288
255,0.0,0.395
256,0.0,0.3425
257,0.0,0.3288
258,0.003,0.3251
259,0.124,0.2615
260,0.177,0.2529
261,0.003,0.1759
262,0.0,0.1001
263,0.0,0.0716
264,0.0,0.0865
265,0.0,0.2296
266,0.0,0.348
267,0.063,0.401
268,0.085,0.35
269,0.001,0.3045
270,0.0,0.3628
271,0.0,0.3518
272,0.0,0.3201
273,0.0,0.2944
274,0.006,0.195
275,0.344,0.1157
276,0.436,0.0925
277,0.026,0.0661
278,0.0,0.1605
279,0.0,0.1901
280,0.0,0.164
281,0.0,0.1636
282,0.019,0.173
283,0.505,0.0827
284,0.489,0.0931
285,0.025,0.1265
286,0.0,0.1634
287,0.0,0.1196
288,0.0,0.1079
289,0.0,0.0843
290,0.021,0.0886
291,0.461,0.0817
292,0.481,0.1235
293,0.029,0.1731
294,0.0,0.2435
295,0.0,0.2269
296,0.0,0.2653
297,0.0,0.3047
298,0.026,0.3403
299,0.45,0.3961
300,0.353,0.4167
301,0.009,0.3653
302,0.0,0.3726
303,0.0,0.3209
304,0.0,0.2236
305,0.0,0.2155
306,0.005,0.2384
307,0.344,0.2241
308,0.444,0.2252
309,0.031,0.2515
310,0.0,0.3545
311,0.0,0.4376
312,0.0,0.4437
313,0.0,0.5327
314,0.009,0.6322
315,0.33,0.6967
316,0.427,0.6832
317,0.018,0.664
318,0.0,0.6314
319,0.0,0.5308
320,0.0,0.4139
321,0.0,0.3
322,0.007,0.3506
323,0.208,0.5538
324,0.264,0.7339
325,0.003,0.742
326,0.0,0.7184
327,0.0,0.6858
328,0.0,0.7094
329,0.0,0.7816
330,0.012,0.7474
331,0.234,0.7714
332,0.224,0.7844
333,0.016,0.7571
334,0.0,0.6945
335,0.0,0.6265
336,0.0,0.6333
337,0.0,0.6697
338,0.013,0.665
339,0.239,0.6781
340,0.273,0.6738
341,0.019,0.428
342,0.0,0.3924
343,0.0,0.2918
344,0.0,0.2576
345,0.0,0.2347
346,0.015,0.314
347,0.344,0.4513
348,0.234,0.3772
349,0.017,0.363
350,0.0,0.3602
351,0.0,0.3036
352,0.0,0.2305
353,0.0,0.21
354,0.006,0.1759
355,0.201,0.0745
356,0.372,0.0663
357,0.043,0.0672
358,0.0,0.1058
359,0.0,0.1525
360,0.0,0.1038
361,0.0,0.0863
362,0.07,0.0866
363,0.534,0.0159
364,0.524,0.0117
365,0.062,0.0148
366,0.0,0.0608
367,0.0,0.1491
368,0.0,0.1552
369,0.0,0.1209
370,0.081,0.1916
371,0.549,0.0967
372,0.535,0.118
373,0.071,0.2016
374,0.0,0.3791
375,0.0,0.4165
376,0.0,0.3197
377,0.0,0.1845
378,0.111,0.1005
379,0.563,0.042
380,0.541,0.0574
381,0.079,0.1027
382,0.0,0.2416
383,0.0,0.317
384,0.0,0.308
385,0.0,0.2657
386,0.077,0.2205
387,0.554,0.0523
388,0.55,0.0627
389,0.088,0.1507
390,0.0,0.3337
391,0.0,0.3868
392,0.0,0.3989
393,0.0,0.3445
394,0.071,0.2934
395,0.525,0.1675
396,0.486,0.3162
397,0.04,0.2723
398,0.0,0.4367
399,0.0,0.394
400,0.0,0.2857
401,0.0,0.2085
402,0.031,0.1734
403,0.442,0.2262
404,0.357,0.257
405,0.028,0.1517
406,0.0,0.1796
407,0.0,0.198
408,0.0,0.2128
409,0.0,0.2225
410,0.054,0.2093
411,0.32,0.1945
412,0.212,0.2186
413,0.01,0.2638
414,0.0,0.3216
415,0.0,0.4153
416,0.0,0.434
417,0.0,0.5274
418,0.022,0.5516
419,0.383,0.5326
420,0.507,0.4172
421,0.102,0.3434
422,0.0,0.2799
423,0.0,0.1848
424,0.0,0.1416
425,0.0,0.1112
426,0.151,0.0837
427,0.571,0.1119
428,0.536,0.0754
429,0.107,0.0665
430,0.0,0.1167
431,0.0,0.0809
432,0.0,0.0498
433,0.0,0.0298
434,0.068,0.0316
435,0.405,0.0055
436,0.434,0.0237
437,0.077,0.0386
438,0.0,0.0765
439,0.0,0.1106
440,0.0,0.145
441,0.0,0.1742
442,0.117,0.1894
443,0.534,0.0753
444,0.482,0.1435
445,0.109,0.2292
446,0.0,0.3768
447,0.0,0.3891
448,0.0,0.3121
449,0.0,0.3729
450,0.113,0.4321
451,0.529,0.3268
452,0.486,0.3407
453,0.08,0.3174
454,0.0,0.3948
455,0.0,0.245
456,0.0,0.1103
457,0.0,0.0558
458,0.118,0.0347
459,0.582,0.0311
460,0.559,0.0372
461,0.12,0.0747
462,0.0,0.2057
463,0.0,0.4411
464,0.0,0.5345
465,0.0,0.5522
466,0.158,0.4655
467,0.577,0.5793
468,0.548,0.6849
469,0.072,0.5579
470,0.0,0.4775
471,0.0,0.4381
472,0.0,0.3493
473,0.0,0.3024
474,0.023,0.2693
475,0.204,0.2531
476,0.221,0.2601
477,0.027,0.1951
478,0.0,0.2066
479,0.0,0.1632
480,0.0,0.0993
481,0.0,0.0856
482,0.033,0.0824
483,0.275,0.1467
484,0.3,0.1958
485,0.048,0.0878
486,0.0,0.1713
487,0.0,0.2243
488,0.0,0.356
489,0.0,0.4075
490,0.035,0.4859
491,0.328,0.6848
492,0.331,0.7147
493,0.026,0.5833
494,0.0,0.6207
495,0.0,0.5792
496,0.0,0.4966
497,0.0,0.464
498,0.087,0.337
499,0.382,0.6267
500,0.343,0.8596
501,0.029,0.825
502,0.0,0.7611
503,0.0,0.7072
504,0.0,0.7492
505,0.0,0.7522
506,0.099,0.731
507,0.477,0.8457
508,0.293,0.7639
509,0.039,0.3651
510,0.0,0.3419
511,0.0,0.3256
512,0.0,0.2185
513,0.0,0.1257
514,0.06,0.117
515,0.583,0.2546
516,0.59,0.4046
517,0.143,0.4703
518,0.0,0.5733
519,0.0,0.4872
520,0.0,0.4454
521,0.0,0.3134
522,0.068,0.3403
523,0.498,0.6233
524,0.467,0.6907
525,0.058,0.6264
526,0.0,0.5699
527,0.0,0.5963
528,0.0,0.6054
529,0.0,0.6567
530,0.094,0.6886
531,0.516,0.8732
532,0.463,0.8101
533,0.094,0.5058
534,0.0,0.376
535,0.0,0.3396
536,0.0,0.2927
537,0.0,0.3408
538,0.065,0.6028
539,0.203,0.8695
540,0.305,0.8795
541,0.052,0.7947
542,0.0,0.8438
543,0.0,0.9378
544,0.0,0.7689
545,0.0,0.4075
546,0.039,0.2097
547,0.078,0.2176
548,0.079,0.5454
549,0.06,0.8525
550,0.0,0.9693
551,0.0,0.9298
552,0.0,0.8905
553,0.0,0.778
554,0.123,0.3908
555,0.231,0.5216
556,0.181,0.6047
557,0.043,0.5078
558,0.0,0.6108
559,0.0,0.518
560,0.0,0.3897
561,0.0,0.2861
562,0.09,0.1882
563,0.504,0.253
564,0.506,0.2621
565,0.169,0.2922
566,0.0,0.398
567,0.0,0.53
568,0.0,0.6879
569,0.0,0.5932
570,0.092,0.5267
571,0.531,0.688
572,0.469,0.6467
573,0.089,0.5637
574,0.0,0.6175
575,0.0,0.5772
576,0.0,0.5795
577,0.0,0.58
578,0.101,0.5313
579,0.384,0.7216
580,0.256,0.681
581,0.025,0.6896
582,0.0,0.775
583,0.0,0.8188
584,0.0,0.7542
585,0.0,0.7316
586,0.118,0.5951
587,0.379,0.7432
588,0.289,0.6047
589,0.027,0.6213
590,0.0,0.7963
591,0.0,0.8324
592,0.0,0.7531
593,0.0,0.6908
594,0.044,0.5166
595,0.282,0.5021
596,0.24,0.5751
597,0.051,0.4497
598,0.0,0.567
599,0.0,0.5125
600,0.0,0.409
601,0.0,0.3481
602,0.106,0.3638
603,0.614,0.6685
604,0.589,0.7418
605,0.142,0.5001
606,0.0,0.3088
607,0.0,0.4021
608,0.0,0.3909
609,0.0,0.3142
610,0.081,0.375
611,0.408,0.5775
612,0.347,0.4961
613,0.12,0.3873
614,0.0,0.3107
615,0.0,0.3382
616,0.0,0.2518
617,0.0,0.1646
618,0.175,0.1005
619,0.477,0.1447
620,0.484,0.145
621,0.145,0.1416
622,0.0,0.0971
623,0.0,0.0888
624,0.0,0.0788
625,0.0,0.0793
626,0.217,0.0343
627,0.594,0.0185
628,0.63,0.0203
629,0.225,0.025
630,0.0,0.0144
631,0.0,0.0529
632,0.0,0.0806
633,0.0,0.0872
634,0.225,0.0316
635,0.555,0.0052
636,0.572,0.0096
637,0.204,0.0103
638,0.0,0.0136
639,0.0,0.0142
640,0.0,0.0125
641,0.0,0.0213
642,0.18,0.0204
643,0.549,0.0314
644,0.578,0.057
645,0.21,0.0555
646,0.0,0.1426
647,0.0,0.2051
648,0.0,0.1593
649,0.0,0.106
650,0.117,0.0694
651,0.605,0.0325
652,0.611,0.0305
653,0.219,0.0572
654,0.0,0.2025
655,0.0,0.1305
656,0.0,0.1708
657,0.0,0.1264
658,0.085,0.0685
659,0.385,0.0199
660,0.372,0.0014
661,0.081,0.0449
662,0.0,0.0916
663,0.0,0.1052
664,0.0,0.1268
665,0.0,0.1514
666,0.171,0.1999
667,0.473,0.6226
668,0.286,0.6386
669,0.078,0.3814
670,0.0,0.2198
671,0.0,0.237
672,0.0,0.1817
673,0.0,0.1595
674,0.143,0.2037
675,0.588,0.4222
676,0.59,0.6212
677,0.184,0.6198
678,0.0,0.3923
679,0.0,0.2641
680,0.0,0.1359
681,0.0,0.0823
682,0.159,0.0751
683,0.579,0.1053
684,0.592,0.1022
685,0.195,0.1314
686,0.0,0.1322
687,0.0,0.178
688,0.0,0.1568
689,0.0,0.1872
690,0.109,0.1416
691,0.228,0.1431
692,0.193,0.1168
693,0.08,0.0862
694,0.0,0.107
695,0.0,0.0747
696,0.0,0.0232
697,0.0,0.0146
698,0.15,0.005
699,0.593,0.0117
700,0.623,0.0096
701,0.206,0.0171
702,0.0,0.0622
703,0.0,0.0663
704,0.0,0.0509
705,0.0,0.0532
706,0.259,0.0419
707,0.655,0.0475
708,0.634,0.05
709,0.213,0.0457
710,0.0,0.0752
711,0.0,0.1177
712,0.0,0.1519
713,0.0,0.1585
714,0.238,0.0608
715,0.612,0.0604
716,0.56,0.1032
717,0.167,0.1858
718,0.0,0.3084
719,0.0,0.2623
720,0.0,0.2414
721,0.0,0.246
722,0.251,0.2192
723,0.666,0.2888
724,0.654,0.2868
725,0.255,0.3311
726,0.0,0.4605
727,0.0,0.4171
728,0.0,0.34
729,0.0,0.2692
730,0.26,0.114
731,0.59,0.2373
732,0.552,0.2587
733,0.189,0.2437
734,0.0,0.4347
735,0.0,0.4507
736,0.0,0.3724
737,0.0,0.275
738,0.137,0.2368
739,0.492,0.3181
740,0.495,0.3144
741,0.189,0.3016
742,0.0,0.4494
743,0.0,0.5286
744,0.0,0.3813
745,0.0,0.2798
746,0.208,0.2894
747,0.641,0.5134
748,0.573,0.5629
749,0.221,0.4714
750,0.0,0.3884
751,0.0,0.3179
752,0.0,0.2439
753,0.0,0.1768
754,0.187,0.0666
755,0.54,0.1472
756,0.467,0.1655
757,0.12,0.1099
758,0.0,0.2013
759,0.0,0.1374
760,0.0,0.1055
761,0.0,0.0923
762,0.128,0.0467
763,0.47,0.121
764,0.464,0.1895
765,0.22,0.1609
766,0.0,0.2121
767,0.0,0.1867
768,0.0,0.167
769,0.0,0.1565
770,0.213,0.0771
771,0.588,0.2391
772,0.522,0.1837
773,0.182,0.1425
774,0.0,0.1531
775,0.0,0.1384
776,0.0,0.102
777,0.0,0.0675
778,0.184,0.0277
779,0.531,0.0411
780,0.463,0.0341
781,0.144,0.0508
782,0.0,0.1032
783,0.0,0.1086
784,0.0,0.1033
785,0.0,0.1325
786,0.239,0.084
787,0.574,0.1177
788,0.523,0.125
789,0.177,0.2349
790,0.0,0.364
791,0.0,0.3066
792,0.0,0.2094
793,0.0,0.1706
794,0.163,0.2177
795,0.434,0.2624
796,0.455,0.2432
797,0.146,0.3171
798,0.0,0.374
799,0.0,0.3181
800,0.0,0.2904
801,0.0,0.3032
802,0.217,0.3787
803,0.558,0.3795
804,0.559,0.3354
805,0.211,0.3193
806,0.0,0.3074
807,0.0,0.2469
808,0.0,0.213
809,0.0,0.1859
810,0.186,0.2391
811,0.485,0.2256
812,0.517,0.1809
813,0.201,0.1774
814,0.0,0.2011
815,0.0,0.1587
816,0.0,0.1367
817,0.0,0.1158
818,0.191,0.1317
819,0.396,0.1165
820,0.404,0.0917
821,0.161,0.1024
822,0.0,0.1915
823,0.0,0.1625
824,0.0,0.107
825,0.0,0.104
826,0.085,0.1436
827,0.288,0.2144
828,0.335,0.2626
829,0.144,0.266
830,0.0,0.322
831,0.0,0.2882
832,0.0,0.2415
833,0.0,0.2128
834,0.307,0.0699
835,0.691,0.2255
836,0.679,0.1599
837,0.298,0.149
838,0.0,0.3114
839,0.0,0.2898
840,0.0,0.262
841,0.0,0.2179
842,0.315,0.0625
843,0.693,0.1309
844,0.679,0.1042
845,0.301,0.1184
846,0.0,0.3412
847,0.0,0.3967
848,0.0,0.2919
849,0.0,0.2077
850,0.287,0.1086
851,0.671,0.2367
852,0.623,0.2157
853,0.249,0.2134
854,0.0,0.2682
855,0.0,0.2488
856,0.0,0.1945
857,0.0,0.194
858,0.304,0.084
859,0.674,0.3846
860,0.655,0.332
861,0.287,0.2833
862,0.0,0.3729
863,0.0,0.3156
864,0.0,0.2247
865,0.0,0.2138
866,0.314,0.0653
867,0.678,0.2012
868,0.666,0.1687
869,0.301,0.1861
870,0.0,0.3408
871,0.0,0.3169
872,0.0,0.1755
873,0.0,0.079
874,0.319,0.0093
875,0.68,0.0404
876,0.663,0.0322
877,0.275,0.047
878,0.0,0.213
879,0.0,0.1844
880,0.0,0.122
881,0.0,0.1042
882,0.317,0.0306
883,0.68,0.0507
884,0.669,0.0319
885,0.306,0.0342
886,0.0,0.1348
887,0.0,0.143
888,0.0,0.1024
889,0.0,0.1178
890,0.314,0.0933
891,0.679,0.2084
892,0.655,0.3137
893,0.298,0.5281
894,0.0,0.6132
895,0.0,0.5777
896,0.0,0.5893
897,0.0,0.546
898,0.255,0.6851
899,0.589,0.7938
900,0.463,0.8211
901,0.117,0.7451
902,0.0,0.685
903,0.0,0.594
904,0.0,0.4928
905,0.0,0.4718
906,0.182,0.4403
907,0.524,0.47
908,0.554,0.4455
909,0.26,0.4314
910,0.0,0.591
911,0.0,0.5285
912,0.0,0.4097
913,0.0,0.1553
914,0.298,0.0269
915,0.626,0.0634
916,0.626,0.1851
917,0.294,0.2171
918,0.0,0.4083
919,0.0,0.4194
920,0.0,0.3112
921,0.0,0.2663
922,0.275,0.0837
923,0.562,0.0933
924,0.528,0.1552
925,0.17,0.2801
926,0.0,0.3989
927,0.0,0.3472
928,0.0,0.2569
929,0.0,0.2212
930,0.15,0.1955
931,0.407,0.1298
932,0.37,0.1315
933,0.16,0.1457
934,0.0,0.1182
935,0.0,0.1813
936,0.0,0.2542
937,0.0,0.2335
938,0.114,0.2607
939,0.456,0.1897
940,0.467,0.1338
941,0.206,0.1391
942,0.0,0.1513
943,0.0,0.1887
944,0.0,0.2022
945,0.0,0.2147
946,0.079,0.3209
947,0.196,0.3586
948,0.163,0.334
949,0.049,0.175
950,0.0,0.1907
951,0.0,0.305
952,0.0,0.2237
953,0.0,0.222
954,0.128,0.254
955,0.473,0.31
956,0.499,0.3267
957,0.215,0.299
958,0.0,0.2594
959,0.0,0.2764
960,0.0,0.2505
961,0.0,0.2594
962,0.296,0.1647
963,0.486,0.2863
964,0.411,0.2633
965,0.186,0.28
966,0.0,0.2478
967,0.0,0.2908
968,0.0,0.2582
969,0.0,0.2406
970,0.279,0.193
971,0.644,0.441
972,0.632,0.4569
973,0.279,0.3175
974,0.0,0.1325
975,0.0,0.0746
976,0.0,0.1302
977,0.0,0.1292
978,0.135,0.1522
979,0.423,0.1687
980,0.479,0.2468
981,0.251,0.2387
982,0.0,0.0908
983,0.0,0.0271
984,0.0,0.0848
985,0.0,0.102
986,0.21,0.0457
987,0.364,0.0989
988,0.222,0.1787
989,0.077,0.1686
990,0.0,0.0744
991,0.0,0.2066
992,0.0,0.2276
993,0.0,0.1803
994,0.215,0.2955
995,0.501,0.3144
996,0.477,0.3032
997,0.169,0.2698
998,0.0,0.1691
999,0.0,0.1882
1000,0.0,0.2146
1001,0.0,0.178
1002,0.258,0.1911
1003,0.573,0.2574
1004,0.55,0.2794
1005,0.251,0.3133
1006,0.0,0.2189
1007,0.0,0.2107
1008,0.0,0.2089
1009,0.001,0.1845
1010,0.313,0.1124
1011,0.577,0.1023
1012,0.586,0.066
1013,0.264,0.0308
1014,0.0,0.0026
1015,0.0,0.0621
1016,0.0,0.1778
1017,0.001,0.2141
1018,0.31,0.1932
1019,0.551,0.3345
1020,0.582,0.4217
1021,0.204,0.4042
1022,0.0,0.404
1023,0.0,0.4069
1024,0.0,0.416
1025,0.0,0.2527
1026,0.076,0.131
1027,0.411,0.1021
1028,0.419,0.1145
1029,0.203,0.117
1030,0.0,0.1277
1031,0.0,0.2788
1032,0.0,0.3049
1033,0.001,0.2778
1034,0.233,0.3087
1035,0.594,0.3792
1036,0.526,0.3765
1037,0.263,0.2421
1038,0.001,0.0926
1039,0.0,0.0499
1040,0.0,0.0326
1041,0.002,0.0672
1042,0.276,0.0456
1043,0.393,0.197
1044,0.286,0.1886
1045,0.109,0.146
1046,0.0,0.088
1047,0.0,0.2098
1048,0.0,0.3562
1049,0.0,0.3132
1050,0.136,0.3645
1051,0.315,0.4536
1052,0.339,0.5161
1053,0.163,0.4977
1054,0.0,0.3354
1055,0.0,0.2769
1056,0.0,0.2482
1057,0.0,0.2391
1058,0.267,0.3697
1059,0.567,0.3953
1060,0.533,0.3776
1061,0.277,0.3359
1062,0.002,0.1999
1063,0.0,0.2021
1064,0.0,0.2305
1065,0.004,0.2564
1066,0.32,0.3378
1067,0.455,0.4329
1068,0.377,0.5383
1069,0.148,0.4813
1070,0.001,0.304
1071,0.0,0.308
1072,0.0,0.2841
1073,0.0,0.2362
1074,0.138,0.3252
1075,0.227,0.4203
1076,0.187,0.3711
1077,0.082,0.287
1078,0.0,0.1345
1079,0.0,0.1381
1080,0.0,0.1358
1081,0.001,0.0801
1082,0.099,0.0549
1083,0.265,0.0088
1084,0.345,0.0122
1085,0.183,0.0113
1086,0.001,0.0235
1087,0.0,0.0468
1088,0.0,0.0447
1089,0.002,0.0518
1090,0.253,0.0745
1091,0.627,0.1439
1092,0.639,0.1735
1093,0.331,0.2133
1094,0.004,0.2371
1095,0.0,0.2804
1096,0.0,0.2081
1097,0.005,0.1344
1098,0.286,0.1725
1099,0.688,0.1854
1100,0.662,0.1681
1101,0.305,0.1228
1102,0.002,0.1774
1103,0.0,0.1794
1104,0.0,0.1241
1105,0.006,0.1167
1106,0.328,0.0659
1107,0.583,0.1464
1108,0.56,0.1049
1109,0.234,0.0984
1110,0.002,0.1224
1111,0.0,0.1396
1112,0.0,0.084
1113,0.001,0.0547
1114,0.125,0.0349
1115,0.347,0.1463
1116,0.301,0.2033
1117,0.17,0.1752
1118,0.002,0.1653
1119,0.0,0.1749
1120,0.0,0.1093
1121,0.004,0.0562
1122,0.266,0.0211
1123,0.501,0.0058
1124,0.383,0.0171
1125,0.15,0.0563
1126,0.001,0.1683
1127,0.0,0.3072
1128,0.0,0.3559
1129,0.001,0.3915
1130,0.129,0.4943
1131,0.255,0.6166
1132,0.235,0.6217
1133,0.104,0.5576
1134,0.001,0.4418
1135,0.0,0.3868
1136,0.0,0.3326
1137,0.002,0.2367
1138,0.213,0.2766
1139,0.462,0.2863
1140,0.51,0.2446
1141,0.287,0.1922
1142,0.005,0.0943
1143,0.0,0.0639
1144,0.0,0.0664
1145,0.009,0.0633
1146,0.338,0.021
1147,0.649,0.0323
1148,0.647,0.0368
1149,0.286,0.0551
1150,0.004,0.0428
1151,0.0,0.0155
1152,0.0,0.0455
1153,0.009,0.0711
1154,0.319,0.0091
1155,0.563,0.0202
1156,0.395,0.0331
1157,0.173,0.0355
1158,0.003,0.0545
1159,0.0,0.0787
1160,0.0,0.0336
1161,0.005,0.0152
1162,0.307,0.0252
1163,0.607,0.1143
1164,0.56,0.1939
1165,0.297,0.1787
1166,0.008,0.0932
1167,0.0,0.1674
1168,0.0,0.19
1169,0.009,0.2491
1170,0.32,0.1324
1171,0.622,0.2034
1172,0.496,0.1993
1173,0.164,0.1214
1174,0.001,0.0984
1175,0.0,0.1172
1176,0.0,0.0876
1177,0.004,0.1278
1178,0.169,0.1637
1179,0.214,0.1745
1180,0.192,0.1343
1181,0.092,0.1095
1182,0.002,0.1194
1183,0.0,0.1552
1184,0.0,0.1674
1185,0.003,0.1774
1186,0.15,0.3159
1187,0.376,0.3268
1188,0.479,0.2723
1189,0.232,0.2551
1190,0.006,0.1726
1191,0.0,0.1815
1192,0.0,0.1692
1193,0.011,0.1142
1194,0.341,0.1157
1195,0.639,0.1418
1196,0.584,0.0962
1197,0.287,0.0599
1198,0.01,0.0477
1199,0.0,0.0718
1200,0.0,0.067
1201,0.013,0.0532
1202,0.321,0.0262
1203,0.624,0.0452
1204,0.531,0.0421
1205,0.221,0.0432
1206,0.007,0.0408
1207,0.0,0.0351
1208,0.0,0.0318
1209,0.013,0.0524
1210,0.315,0.0212
1211,0.598,0.024
1212,0.598,0.0382
1213,0.31,0.0526
1214,0.01,0.0425
1215,0.0,0.0252
1216,0.0,0.0127
1217,0.014,0.0248
1218,0.326,0.0088
1219,0.62,0.0075
1220,0.604,0.0065
1221,0.311,0.0145
1222,0.012,0.0909
1223,0.0,0.2258
1224,0.0,0.2013
1225,0.018,0.1464
1226,0.346,0.0341
1227,0.654,0.0719
1228,0.645,0.1026
1229,0.333,0.0802
1230,0.012,0.0707
1231,0.0,0.1201
1232,0.0,0.0807
1233,0.017,0.0386
1234,0.337,0.0022
1235,0.638,0.0018
1236,0.614,0.0044
1237,0.306,0.0186
1238,0.011,0.0882
1239,0.0,0.1819
1240,0.0,0.1577
1241,0.018,0.0824
1242,0.341,0.0345
1243,0.634,0.0549
1244,0.592,0.0579
1245,0.291,0.1034
1246,0.012,0.2428
1247,0.0,0.3021
1248,0.0,0.2511
1249,0.017,0.2263
1250,0.321,0.2626
1251,0.516,0.2516
1252,0.405,0.2171
1253,0.185,0.2032
1254,0.002,0.1736
1255,0.0,0.1327
1256,0.0,0.0577
1257,0.005,0.0205
1258,0.263,0.0241
1259,0.581,0.0481
1260,0.571,0.0844
1261,0.304,0.1398
1262,0.014,0.1958
1263,0.0,0.2788
1264,0.0,0.3655
1265,0.02,0.2787
1266,0.322,0.459
1267,0.604,0.4625
1268,0.593,0.4192
1269,0.345,0.2925
1270,0.016,0.113
1271,0.0,0.038
1272,0.0,0.0317
1273,0.018,0.0622
1274,0.337,0.1114
1275,0.653,0.1343
1276,0.639,0.1264
1277,0.318,0.1584
1278,0.007,0.1867
1279,0.0,0.2464
1280,0.0,0.1841
1281,0.013,0.1529
1282,0.283,0.1642
1283,0.542,0.1973
1284,0.486,0.1761
1285,0.221,0.1298
1286,0.007,0.2119
1287,0.0,0.2711
1288,0.0,0.2214
1289,0.016,0.1823
1290,0.317,0.1502
1291,0.563,0.1945
1292,0.471,0.208
1293,0.238,0.2564
1294,0.01,0.3124
1295,0.0,0.33
1296,0.0,0.2821
1297,0.019,0.1901
1298,0.331,0.2335
1299,0.615,0.5039
1300,0.608,0.5566
1301,0.294,0.4276
1302,0.009,0.2669
1303,0.0,0.2056
1304,0.0,0.1233
1305,0.015,0.0963
1306,0.285,0.0511
1307,0.569,0.0458
1308,0.525,0.0545
1309,0.282,0.0336
1310,0.015,0.0265
1311,0.0,0.0702
1312,0.0,0.0607
1313,0.019,0.0653
1314,0.335,0.0875
1315,0.629,0.1463
1316,0.621,0.1236
1317,0.281,0.077
1318,0.011,0.1886
1319,0.0,0.3392
1320,0.0,0.2943
1321,0.017,0.3268
1322,0.289,0.1938
1323,0.442,0.3047
1324,0.439,0.2561
1325,0.222,0.1777
1326,0.004,0.1515
1327,0.0,0.173
1328,0.0,0.1364
1329,0.007,0.1182
1330,0.136,0.0791
1331,0.336,0.11
1332,0.303,0.0866
1333,0.197,0.1019
1334,0.011,0.0748
1335,0.0,0.0977
1336,0.0,0.1096
1337,0.02,0.0936
1338,0.34,0.0974
1339,0.635,0.0952
1340,0.583,0.0914
1341,0.263,0.1055
1342,0.013,0.1291
1343,0.0,0.174
1344,0.0,0.182
1345,0.016,0.1797
1346,0.284,0.1154
1347,0.556,0.1073
1348,0.559,0.0657
1349,0.301,0.0422
1350,0.014,0.0936
1351,0.0,0.2263
1352,0.0,0.1565
1353,0.02,0.1072
1354,0.281,0.0384
1355,0.494,0.0564
1356,0.446,0.0698
1357,0.213,0.0571
1358,0.012,0.1237
1359,0.0,0.2211
1360,0.0,0.2231
1361,0.017,0.1686
1362,0.309,0.1268
1363,0.551,0.0983
1364,0.454,0.1099
1365,0.194,0.0691
1366,0.01,0.0354
1367,0.0,0.0843
1368,0.0,0.124
1369,0.017,0.0843
1370,0.288,0.0441
1371,0.57,0.0405
1372,0.494,0.0432
1373,0.24,0.0347
1374,0.01,0.0775
1375,0.0,0.1455
1376,0.0,0.1728
1377,0.014,0.1699
1378,0.249,0.234
1379,0.331,0.2568
1380,0.262,0.2648
1381,0.145,0.2315
1382,0.004,0.2681
1383,0.0,0.3207
1384,0.0,0.2859
1385,0.007,0.2567
1386,0.168,0.3123
1387,0.412,0.4076
1388,0.402,0.3444
1389,0.217,0.2347
1390,0.014,0.1986
1391,0.0,0.2484
1392,0.0,0.2118
1393,0.021,0.1991
1394,0.339,0.1214
1395,0.645,0.1461
1396,0.632,0.1441
1397,0.326,0.138
1398,0.017,0.1762
1399,0.0,0.2645
1400,0.0,0.2451
1401,0.023,0.1521
1402,0.341,0.1308
1403,0.64,0.1509
1404,0.628,0.1034
1405,0.329,0.1018
1406,0.016,0.1617
1407,0.0,0.3124
1408,0.0,0.248
1409,0.024,0.1795
1410,0.335,0.1048
1411,0.624,0.1157
1412,0.597,0.1172
1413,0.314,0.1268
1414,0.015,0.1521
1415,0.0,0.2569
1416,0.0,0.2161
1417,0.019,0.1995
1418,0.317,0.1811
1419,0.631,0.2382
1420,0.642,0.3431
1421,0.346,0.3797
1422,0.017,0.3023
1423,0.0,0.2625
1424,0.0,0.1841
1425,0.025,0.1018
1426,0.351,0.0679
1427,0.67,0.0857
1428,0.659,0.0775
1429,0.344,0.11
1430,0.016,0.0994
1431,0.0,0.1129
1432,0.0,0.0597
1433,0.024,0.0376
1434,0.348,0.0131
1435,0.659,0.0053
1436,0.646,0.0057
1437,0.34,0.0125
1438,0.016,0.0635
1439,0.0,0.2001
1440,0.0,0.202
1441,0.023,0.1885
1442,0.345,0.14
1443,0.645,0.243
1444,0.632,0.2682
1445,0.333,0.29
1446,0.014,0.3432
1447,0.0,0.2528
1448,0.0,0.1983
1449,0.017,0.1216
1450,0.253,0.0293
1451,0.393,0.1766
1452,0.373,0.3249
1453,0.165,0.3562
1454,0.003,0.2398
1455,0.0,0.1772
1456,0.0,0.1507
1457,0.009,0.1282
1458,0.274,0.11
1459,0.552,0.1301
1460,0.647,0.1982
1461,0.342,0.2048
1462,0.016,0.2252
1463,0.0,0.1909
1464,0.0,0.1458
1465,0.024,0.0966
1466,0.355,0.0667
1467,0.677,0.0699
1468,0.668,0.1065
1469,0.352,0.1214
1470,0.015,0.1403
1471,0.0,0.1408
1472,0.0,0.1034
1473,0.024,0.0606
1474,0.353,0.0209
1475,0.672,0.0223
1476,0.66,0.0435
1477,0.345,0.0563
1478,0.014,0.0678
1479,0.0,0.0533
1480,0.0,0.0318
1481,0.008,0.0854
1482,0.218,0.1118
1483,0.556,0.2551
1484,0.605,0.4188
1485,0.328,0.411
1486,0.015,0.1638
1487,0.0,0.0439
1488,0.0,0.0017
1489,0.019,0.0543
1490,0.318,0.1557
1491,0.624,0.3331
1492,0.607,0.4272
1493,0.307,0.432
1494,0.011,0.2572
1495,0.0,0.2007
1496,0.0,0.1307
1497,0.015,0.1086
1498,0.243,0.1238
1499,0.45,0.231
1500,0.428,0.33
1501,0.241,0.3281
1502,0.013,0.2558
1503,0.0,0.1824
1504,0.0,0.1082
1505,0.023,0.1179
1506,0.357,0.1626
1507,0.681,0.3095
1508,0.666,0.3141
1509,0.332,0.2321
1510,0.008,0.1316
1511,0.0,0.1064
1512,0.0,0.0767
1513,0.019,0.0776
1514,0.319,0.086
1515,0.615,0.1362
1516,0.603,0.1609
1517,0.316,0.1875
1518,0.012,0.1823
1519,0.0,0.145
1520,0.0,0.1625
1521,0.019,0.1361
1522,0.341,0.151
1523,0.662,0.1617
1524,0.647,0.1607
1525,0.332,0.1766
1526,0.011,0.1296
1527,0.0,0.0812
1528,0.0,0.0484
1529,0.015,0.0577
1530,0.313,0.0595
1531,0.576,0.0863
1532,0.535,0.0768
1533,0.232,0.0821
1534,0.004,0.0511
1535,0.0,0.0433
1536,0.0,0.0937
1537,0.007,0.0992
1538,0.186,0.0937
1539,0.401,0.106
1540,0.417,0.0949
1541,0.177,0.1004
1542,0.004,0.0392
1543,0.0,0.0427
1544,0.0,0.068
1545,0.006,0.1091
1546,0.2,0.1534
1547,0.388,0.2329
1548,0.319,0.2673
1549,0.169,0.2179
1550,0.006,0.1049
1551,0.0,0.1729
1552,0.0,0.1713
1553,0.011,0.1171
1554,0.28,0.1002
1555,0.452,0.0988
1556,0.378,0.1188
1557,0.222,0.1289
1558,0.006,0.1224
1559,0.0,0.1687
1560,0.0,0.1361
1561,0.013,0.088
1562,0.291,0.0468
1563,0.573,0.0435
1564,0.57,0.052
1565,0.296,0.0621
1566,0.008,0.0828
1567,0.0,0.1025
1568,0.0,0.0712
1569,0.013,0.0469
1570,0.316,0.1272
1571,0.628,0.2126
1572,0.642,0.2366
1573,0.34,0.2293
1574,0.009,0.1687
1575,0.0,0.1076
1576,0.0,0.0679
1577,0.013,0.0846
1578,0.297,0.0561
1579,0.605,0.0663
1580,0.558,0.0691
1581,0.244,0.0576
1582,0.005,0.0607
1583,0.0,0.091
1584,0.0,0.0532
1585,0.01,0.0474
1586,0.318,0.0029
1587,0.585,0.0143
1588,0.546,0.0482
1589,0.265,0.0588
1590,0.005,0.0457
1591,0.0,0.0747
1592,0.0,0.1179
1593,0.007,0.138
1594,0.214,0.0515
1595,0.41,0.1133
1596,0.385,0.1302
1597,0.166,0.0832
1598,0.003,0.0248
1599,0.0,0.0098
1600,0.0,0.0306
1601,0.006,0.0273
1602,0.262,0.0095
1603,0.546,0.0489
1604,0.478,0.0812
1605,0.185,0.0659
1606,0.003,0.082
1607,0.0,0.1913
1608,0.0,0.2201
1609,0.004,0.1682
1610,0.268,0.0715
1611,0.263,0.1164
1612,0.301,0.1646
1613,0.228,0.1181
1614,0.004,0.0702
1615,0.0,0.0896
1616,0.0,0.0708
1617,0.007,0.0449
1618,0.265,0.0127
1619,0.569,0.0654
1620,0.396,0.11
1621,0.2,0.0942
1622,0.003,0.0593
1623,0.0,0.0436
1624,0.0,0.0409
1625,0.004,0.0537
1626,0.305,0.121
1627,0.607,0.143
1628,0.604,0.1493
1629,0.314,0.1478
1630,0.005,0.1383
1631,0.0,0.1191
1632,0.0,0.0747
1633,0.008,0.0558
1634,0.317,0.0135
1635,0.632,0.0129
1636,0.623,0.0218
1637,0.318,0.038
1638,0.005,0.1444
1639,0.0,0.2208
1640,0.0,0.1396
1641,0.007,0.0643
1642,0.31,0.0022
1643,0.622,0.0002
1644,0.614,0.0053
1645,0.311,0.0435
1646,0.004,0.1589
1647,0.0,0.1675
1648,0.0,0.0914
1649,0.006,0.0601
1650,0.312,0.0352
1651,0.615,0.044
1652,0.607,0.0511
1653,0.302,0.0904
1654,0.002,0.283
1655,0.0,0.2921
1656,0.0,0.2126
1657,0.004,0.1519
1658,0.214,0.1466
1659,0.475,0.1238
1660,0.365,0.0985
1661,0.092,0.0925
1662,0.0,0.0842
1663,0.0,0.1132
1664,0.0,0.1176
1665,0.002,0.137
1666,0.214,0.2091
1667,0.532,0.2047
1668,0.401,0.174
1669,0.141,0.1337
1670,0.0,0.0399
1671,0.0,0.0406
1672,0.0,0.0503
1673,0.002,0.0439
1674,0.28,0.0254
1675,0.553,0.0049
1676,0.516,0.0056
1677,0.208,0.0616
1678,0.001,0.096
1679,0.0,0.1238
1680,0.0,0.1246
1681,0.002,0.12
1682,0.237,0.107
1683,0.498,0.0979
1684,0.429,0.0979
1685,0.219,0.1019
1686,0.001,0.0992
1687,0.0,0.0807
1688,0.0,0.0766
1689,0.001,0.1126
1690,0.235,0.0615
1691,0.494,0.0939
1692,0.428,0.0816
1693,0.156,0.0947
1694,0.001,0.0818
1695,0.0,0.1001
1696,0.0,0.1227
1697,0.002,0.0879
1698,0.308,0.0464
1699,0.621,0.0985
1700,0.596,0.0906
1701,0.286,0.0713
1702,0.001,0.0814
1703,0.0,0.0757
1704,0.0,0.0289
1705,0.001,0.0249
1706,0.271,0.0146
1707,0.489,0.0165
1708,0.341,0.0118
1709,0.13,0.0278
1710,0.0,0.0415
1711,0.0,0.0556
1712,0.0,0.0559
1713,0.001,0.0401
1714,0.18,0.0267
1715,0.311,0.0501
1716,0.219,0.0736
1717,0.144,0.1022
1718,0.0,0.0817
1719,0.0,0.1216
1720,0.0,0.1212
1721,0.002,0.1035
1722,0.308,0.0398
1723,0.564,0.0376
1724,0.508,0.0488
1725,0.228,0.0612
1726,0.0,0.0503
1727,0.0,0.0276
1728,0.0,0.0235
1729,0.001,0.0586
1730,0.266,0.0341
1731,0.488,0.0997
1732,0.36,0.1184
1733,0.119,0.081
1734,0.0,0.0347
1735,0.0,0.0828
1736,0.0,0.1455
1737,0.001,0.1252
1738,0.264,0.0362
1739,0.54,0.1225
1740,0.437,0.1941
1741,0.158,0.159
1742,0.0,0.0974
1743,0.0,0.1408
1744,0.0,0.1229
1745,0.0,0.0997
1746,0.12,0.0704
1747,0.34,0.1301
1748,0.392,0.2699
1749,0.1,0.1459
1750,0.0,0.1328
1751,0.0,0.1841
1752,0.0,0.2338
1753,0.0,0.1647
1754,0.306,0.1113
1755,0.591,0.1414
1756,0.48,0.1891
1757,0.167,0.1587
1758,0.0,0.1201
1759,0.0,0.1287
1760,0.0,0.0974
1761,0.001,0.1141
1762,0.299,0.0411
1763,0.575,0.0588
1764,0.517,0.0656
1765,0.241,0.0484
1766,0.0,0.1206
1767,0.0,0.2441
1768,0.0,0.2046
1769,0.0,0.1599
1770,0.129,0.2106
1771,0.355,0.4
1772,0.365,0.3507
1773,0.178,0.4012
1774,0.0,0.2324
1775,0.0,0.2273
1776,0.0,0.2056
1777,0.0,0.1563
1778,0.299,0.039
1779,0.575,0.0836
1780,0.577,0.0664
1781,0.291,0.0546
1782,0.0,0.0933
1783,0.0,0.1541
1784,0.0,0.1685
1785,0.0,0.0866
1786,0.213,0.0958
1787,0.445,0.0617
1788,0.32,0.0573
1789,0.122,0.0484
1790,0.0,0.0772
1791,0.0,0.1034
1792,0.0,0.1385
1793,0.0,0.1561
1794,0.236,0.1678
1795,0.573,0.1847
1796,0.571,0.2187
1797,0.184,0.1792
1798,0.0,0.1193
1799,0.0,0.1071
1800,0.0,0.0785
1801,0.0,0.0654
1802,0.195,0.0445
1803,0.51,0.0992
1804,0.535,0.1325
1805,0.247,0.1243
1806,0.0,0.0498
1807,0.0,0.0201
1808,0.0,0.0622
1809,0.0,0.1371
1810,0.299,0.0878
1811,0.55,0.1792
1812,0.441,0.2347
1813,0.153,0.1928
1814,0.0,0.1648
1815,0.0,0.1815
1816,0.0,0.1424
1817,0.0,0.1343
1818,0.203,0.1144
1819,0.467,0.1137
1820,0.412,0.108
1821,0.213,0.07
1822,0.0,0.0242
1823,0.0,0.043
1824,0.0,0.1341
1825,0.0,0.1246
1826,0.19,0.0773
1827,0.433,0.2173
1828,0.454,0.2552
1829,0.127,0.2434
1830,0.0,0.1593
1831,0.0,0.1824
1832,0.0,0.1434
1833,0.0,0.1277
1834,0.176,0.1514
1835,0.586,0.4454
1836,0.598,0.467
1837,0.282,0.4107
1838,0.0,0.3047
1839,0.0,0.2216
1840,0.0,0.1402
1841,0.0,0.1342
1842,0.189,0.0668
1843,0.425,0.1434
1844,0.435,0.1112
1845,0.195,0.0766
1846,0.0,0.0645
1847,0.0,0.0513
1848,0.0,0.0406
1849,0.0,0.0545
1850,0.159,0.0271
1851,0.416,0.018
1852,0.321,0.0082
1853,0.105,0.0853
1854,0.0,0.1961
1855,0.0,0.1834
1856,0.0,0.2373
1857,0.0,0.2701
1858,0.192,0.2171
1859,0.484,0.1062
1860,0.487,0.0548
1861,0.235,0.0603
1862,0.0,0.0851
1863,0.0,0.1051
1864,0.0,0.1073
1865,0.0,0.1472
1866,0.223,0.212
1867,0.471,0.2156
1868,0.489,0.1082
1869,0.221,0.0667
1870,0.0,0.1152
1871,0.0,0.109
1872,0.0,0.0705
1873,0.0,0.0645
1874,0.267,0.0265
1875,0.615,0.0224
1876,0.602,0.021
1877,0.251,0.041
1878,0.0,0.1453
1879,0.0,0.1605
1880,0.0,0.1365
1881,0.0,0.1376
1882,0.2,0.0615
1883,0.385,0.1015
1884,0.209,0.0726
1885,0.057,0.0665
1886,0.0,0.1855
1887,0.0,0.199
1888,0.0,0.1542
1889,0.0,0.1178
1890,0.191,0.0444
1891,0.36,0.1095
1892,0.335,0.1032
1893,0.146,0.081
1894,0.0,0.1462
1895,0.0,0.138
1896,0.0,0.0829
1897,0.0,0.0566
1898,0.203,0.0208
1899,0.482,0.0842
1900,0.39,0.0797
1901,0.139,0.0681
1902,0.0,0.1168
1903,0.0,0.1521
1904,0.0,0.1252
1905,0.0,0.1125
1906,0.211,0.052
1907,0.425,0.1174
1908,0.332,0.085
1909,0.143,0.0724
1910,0.0,0.1522
1911,0.0,0.1978
1912,0.0,0.1715
1913,0.0,0.1471
1914,0.244,0.0669
1915,0.5,0.1319
1916,0.379,0.1136
1917,0.135,0.0622
1918,0.0,0.0882
1919,0.0,0.1407
1920,0.0,0.1608
1921,0.0,0.1615
1922,0.229,0.02
1923,0.412,0.0183
1924,0.308,0.0186
1925,0.073,0.0246
1926,0.0,0.0721
1927,0.0,0.0903
1928,0.0,0.069
1929,0.0,0.0379
1930,0.182,0.0049
1931,0.433,0.011
1932,0.368,0.0043
1933,0.14,0.0063
1934,0.0,0.0392
1935,0.0,0.0852
1936,0.0,0.1039
1937,0.0,0.104
1938,0.238,0.0381
1939,0.585,0.1029
1940,0.574,0.1137
1941,0.239,0.1194
1942,0.0,0.1972
1943,0.0,0.2283
1944,0.0,0.2323
1945,0.0,0.2333
1946,0.251,0.0871
1947,0.537,0.158
1948,0.431,0.1432
1949,0.131,0.1152
1950,0.0,0.1255
1951,0.0,0.1546
1952,0.0,0.1226
1953,0.0,0.148
1954,0.057,0.1741
1955,0.183,0.1658
1956,0.21,0.2209
1957,0.084,0.1707
1958,0.0,0.0877
1959,0.0,0.0729
1960,0.0,0.043
1961,0.0,0.0381
1962,0.261,0.0327
1963,0.637,0.0838
1964,0.624,0.1067
1965,0.264,0.11
1966,0.0,0.0292
1967,0.0,0.0131
1968,0.0,0.023
1969,0.0,0.0342
1970,0.272,0.0231
1971,0.626,0.0961
1972,0.615,0.1294
1973,0.26,0.1471
1974,0.0,0.205
1975,0.0,0.2449
1976,0.0,0.2263
1977,0.0,0.1749
1978,0.254,0.0468
1979,0.541,0.1078
1980,0.479,0.154
1981,0.145,0.2073
1982,0.0,0.2608
1983,0.0,0.1824
1984,0.0,0.1661
1985,0.0,0.112
1986,0.163,0.0814
1987,0.473,0.0413
1988,0.468,0.0209
1989,0.108,0.0249
1990,0.0,0.0817
1991,0.0,0.0889
1992,0.0,0.0615
1993,0.0,0.0186
1994,0.068,0.005
1995,0.205,0.0228
1996,0.171,0.0185
1997,0.059,0.0171
1998,0.0,0.0193
1999,0.0,0.023
2000,0.0,0.0193
2001,0.0,0.0223
2002,0.105,0.012
2003,0.417,0.0262
2004,0.404,0.0274
2005,0.085,0.0537
2006,0.0,0.1328
2007,0.0,0.1812
2008,0.0,0.1511
2009,0.0,0.1329
2010,0.078,0.1092
2011,0.226,0.1956
2012,0.245,0.2662
2013,0.084,0.2966
2014,0.0,0.321
2015,0.0,0.2722
2016,0.0,0.2375
2017,0.0,0.1629
2018,0.183,0.0831
2019,0.601,0.0958
2020,0.542,0.1117
2021,0.193,0.0695
2022,0.0,0.0482
2023,0.0,0.0673
2024,0.0,0.0622
2025,0.0,0.043
2026,0.181,0.0081
2027,0.523,0.0326
2028,0.546,0.0671
2029,0.212,0.0831
2030,0.0,0.0871
2031,0.0,0.1608
2032,0.0,0.2233
2033,0.0,0.2076
2034,0.207,0.0982
2035,0.493,0.1556
2036,0.525,0.1605
2037,0.191,0.1428
2038,0.0,0.1195
2039,0.0,0.1415
2040,0.0,0.1816
2041,0.0,0.1888
2042,0.225,0.0667
2043,0.57,0.2211
2044,0.488,0.2509
2045,0.112,0.1756
2046,0.0,0.1832
2047,0.0,0.1811
2048,0.0,0.1636
2049,0.0,0.1148
2050,0.217,0.0688
2051,0.594,0.0242
2052,0.599,0.0107
2053,0.228,0.012
2054,0.0,0.0493
2055,0.0,0.1008
2056,0.0,0.1638
2057,0.0,0.2234
2058,0.24,0.1106
2059,0.606,0.2438
2060,0.592,0.2621
2061,0.224,0.224
2062,0.0,0.3109
2063,0.0,0.3115
2064,0.0,0.2223
2065,0.0,0.1576
2066,0.109,0.0345
2067,0.3,0.0726
2068,0.35,0.2455
2069,0.118,0.1921
2070,0.0,0.0601
2071,0.0,0.0523
2072,0.0,0.0835
2073,0.0,0.0749
2074,0.121,0.0684
2075,0.396,0.2803
2076,0.511,0.5727
2077,0.193,0.6853
2078,0.0,0.5884
2079,0.0,0.6029
2080,0.0,0.5158
2081,0.0,0.3835
2082,0.217,0.3065
2083,0.64,0.2848
2084,0.625,0.3009
2085,0.236,0.2992
2086,0.0,0.181
2087,0.0,0.1718
2088,0.0,0.2063
2089,0.0,0.1892
2090,0.217,0.1255
2091,0.596,0.1597
2092,0.579,0.1767
2093,0.213,0.1794
2094,0.0,0.1086
2095,0.0,0.0813
2096,0.0,0.0784
2097,0.0,0.1003
2098,0.228,0.032
2099,0.588,0.0505
2100,0.594,0.0616
2101,0.21,0.0504
2102,0.0,0.0341
2103,0.0,0.0408
2104,0.0,0.0793
2105,0.0,0.0922
2106,0.222,0.0331
2107,0.61,0.0514
2108,0.594,0.0718
2109,0.216,0.0909
2110,0.0,0.2894
2111,0.0,0.335
2112,0.0,0.313
2113,0.0,0.3138
2114,0.234,0.1512
2115,0.61,0.3057
2116,0.548,0.2606
2117,0.158,0.1922
2118,0.0,0.294
2119,0.0,0.2375
2120,0.0,0.1639
2121,0.0,0.1456
2122,0.147,0.0494
2123,0.46,0.0577
2124,0.443,0.0462
2125,0.1,0.0478
2126,0.0,0.0696
2127,0.0,0.0699
2128,0.0,0.0596
2129,0.0,0.0677
2130,0.111,0.0221
2131,0.427,0.008
2132,0.427,0.013
2133,0.082,0.0373
2134,0.0,0.0732
2135,0.0,0.0873
2136,0.0,0.0948
2137,0.0,0.1054
2138,0.049,0.1295
2139,0.221,0.2147
2140,0.237,0.2775
2141,0.075,0.1786
2142,0.0,0.2094
2143,0.0,0.2301
2144,0.0,0.1985
2145,0.0,0.1364
2146,0.144,0.0865
2147,0.545,0.1334
2148,0.494,0.1267
2149,0.12,0.091
2150,0.0,0.1038
2151,0.0,0.1379
2152,0.0,0.1682
2153,0.0,0.1579
2154,0.077,0.14
2155,0.233,0.2607
2156,0.192,0.3473
2157,0.04,0.1944
2158,0.0,0.2306
2159,0.0,0.2568
2160,0.0,0.2375
2161,0.0,0.231
2162,0.113,0.2284
2163,0.425,0.4203
2164,0.453,0.4356
2165,0.138,0.3415
2166,0.0,0.368
2167,0.0,0.3683
2168,0.0,0.3375
2169,0.0,0.2625
2170,0.06,0.1984
2171,0.44,0.4807
2172,0.489,0.548
2173,0.102,0.5953
2174,0.0,0.6906
2175,0.0,0.717
2176,0.0,0.7913
2177,0.0,0.8624
2178,0.125,0.9194
2179,0.517,0.9542
2180,0.504,0.9189
2181,0.144,0.7727
2182,0.0,0.5317
2183,0.0,0.311
2184,0.0,0.2635
2185,0.0,0.2304
2186,0.163,0.2577
2187,0.532,0.6737
2188,0.424,0.6493
2189,0.086,0.4515
2190,0.0,0.3913
2191,0.0,0.353
2192,0.0,0.3416
2193,0.0,0.2375
2194,0.038,0.224
2195,0.149,0.2617
2196,0.151,0.3681
2197,0.027,0.2078
2198,0.0,0.2232
2199,0.0,0.2796
2200,0.0,0.28
2201,0.0,0.2988
2202,0.092,0.3773
2203,0.316,0.4789
2204,0.395,0.4464
2205,0.092,0.2136
2206,0.0,0.1868
2207,0.0,0.1448
2208,0.0,0.091
2209,0.0,0.0576
2210,0.062,0.0355
2211,0.325,0.0747
2212,0.304,0.1581
2213,0.037,0.0924
2214,0.0,0.1463
2215,0.0,0.2027
2216,0.0,0.2078
2217,0.0,0.2382
2218,0.022,0.233
2219,0.175,0.4089
2220,0.145,0.4557
2221,0.035,0.3527
2222,0.0,0.306
2223,0.0,0.2218
2224,0.0,0.1081
2225,0.0,0.0635
2226,0.066,0.0529
2227,0.476,0.088
2228,0.39,0.0633
2229,0.043,0.0729
2230,0.0,0.1705
2231,0.0,0.1651
2232,0.0,0.166
2233,0.0,0.1251
2234,0.151,0.0524
2235,0.599,0.0184
2236,0.594,0.0013
2237,0.188,0.0058
2238,0.0,0.0246
2239,0.0,0.1527
2240,0.0,0.2232
2241,0.0,0.246
2242,0.038,0.2439
2243,0.275,0.5269
2244,0.238,0.6378
2245,0.041,0.4542
2246,0.0,0.327
2247,0.0,0.2781
2248,0.0,0.2663
2249,0.0,0.2356
2250,0.054,0.1365
2251,0.33,0.1203
2252,0.167,0.1802
2253,0.019,0.1872
2254,0.0,0.3749
2255,0.0,0.4921
2256,0.0,0.4923
2257,0.0,0.4646
2258,0.047,0.3853
2259,0.311,0.471
2260,0.282,0.5093
2261,0.084,0.3917
2262,0.0,0.3946
2263,0.0,0.3408
2264,0.0,0.2867
2265,0.0,0.2024
2266,0.035,0.23
2267,0.443,0.4889
2268,0.294,0.4787
2269,0.049,0.3598
2270,0.0,0.4324
2271,0.0,0.4074
2272,0.0,0.378
2273,0.0,0.3548
2274,0.092,0.3189
2275,0.527,0.4585
2276,0.529,0.5087
2277,0.14,0.3764
2278,0.0,0.3815
2279,0.0,0.3125
2280,0.0,0.2812
2281,0.0,0.2766
2282,0.078,0.2095
2283,0.512,0.1955
2284,0.51,0.1891
2285,0.119,0.1937
2286,0.0,0.3916
2287,0.0,0.3926
2288,0.0,0.3306
2289,0.0,0.2399
2290,0.073,0.1397
2291,0.499,0.0766
2292,0.515,0.0599
2293,0.118,0.1385
2294,0.0,0.3424
2295,0.0,0.2732
2296,0.0,0.2612
2297,0.0,0.2449
2298,0.046,0.1803
2299,0.427,0.2579
2300,0.479,0.3019
2301,0.097,0.2817
2302,0.0,0.3025
2303,0.0,0.3373
2304,0.0,0.3945
2305,0.0,0.4802
2306,0.04,0.3942
2307,0.349,0.5512
2308,0.498,0.528
2309,0.112,0.3448
2310,0.0,0.2786
2311,0.0,0.2764
2312,0.0,0.2497
2313,0.0,0.2331
2314,0.055,0.2055
2315,0.414,0.21
2316,0.446,0.1962
2317,0.11,0.108
2318,0.0,0.1887
2319,0.0,0.2215
2320,0.0,0.1825
2321,0.0,0.1796
2322,0.046,0.1431
2323,0.456,0.1581
2324,0.408,0.2468
2325,0.067,0.2582
2326,0.0,0.2645
2327,0.0,0.1585
2328,0.0,0.0725
2329,0.0,0.0624
2330,0.038,0.0637
2331,0.29,0.0772
2332,0.288,0.1954
2333,0.06,0.1296
2334,0.0,0.1913
2335,0.0,0.138
2336,0.0,0.1685
2337,0.0,0.159
2338,0.026,0.1327
2339,0.398,0.1302
2340,0.476,0.1269
2341,0.083,0.1531
2342,0.0,0.2917
2343,0.0,0.2592
2344,0.0,0.2397
2345,0.0,0.1926
2346,0.041,0.1237
2347,0.444,0.0496
2348,0.448,0.0398
2349,0.06,0.018
2350,0.0,0.0249
2351,0.0,0.0275
2352,0.0,0.0395
2353,0.0,0.0533
2354,0.048,0.0068
2355,0.459,0.0011
2356,0.449,0.0117
2357,0.057,0.0222
2358,0.0,0.0546
2359,0.0,0.0527
2360,0.0,0.0563
2361,0.0,0.0873
2362,0.039,0.102
2363,0.39,0.1214
2364,0.457,0.1114
2365,0.077,0.0967
2366,0.0,0.2783
2367,0.0,0.2425
2368,0.0,0.2221
2369,0.0,0.2058
2370,0.039,0.191
2371,0.469,0.2144
2372,0.481,0.279
2373,0.083,0.2019
2374,0.0,0.2849
2375,0.0,0.2268
2376,0.0,0.178
2377,0.0,0.1433
2378,0.028,0.1158
2379,0.415,0.1428
2380,0.416,0.1721
2381,0.055,0.1037
2382,0.0,0.0821
2383,0.0,0.126
2384,0.0,0.1689
2385,0.0,0.1818
2386,0.056,0.182
2387,0.489,0.1526
2388,0.49,0.188
2389,0.087,0.2082
2390,0.0,0.392
2391,0.0,0.3615
2392,0.0,0.3393
2393,0.0,0.3519
2394,0.046,0.354
2395,0.475,0.3814
2396,0.437,0.3458
2397,0.035,0.1861
2398,0.0,0.1125
2399,0.0,0.0989
2400,0.0,0.1015
2401,0.0,0.0807
2402,0.008,0.0495
2403,0.335,0.0547
2404,0.464,0.054
2405,0.071,0.0523
2406,0.0,0.0604
2407,0.0,0.0342
2408,0.0,0.0236
2409,0.0,0.0227
2410,0.008,0.0283
2411,0.165,0.0454
2412,0.22,0.0725
2413,0.026,0.1139
2414,0.0,0.1669
2415,0.0,0.1211
2416,0.0,0.0833
2417,0.0,0.0597
2418,0.012,0.0636
2419,0.454,0.1015
2420,0.474,0.0875
2421,0.052,0.1087
2422,0.0,0.208
2423,0.0,0.1914
2424,0.0,0.1708
2425,0.0,0.1477
2426,0.047,0.1038
2427,0.485,0.0873
2428,0.498,0.0605
2429,0.062,0.0711
2430,0.0,0.144
2431,0.0,0.1565
2432,0.0,0.1394
2433,0.0,0.1441
2434,0.045,0.2081
2435,0.504,0.3875
2436,0.451,0.4008
2437,0.017,0.3826
2438,0.0,0.4314
2439,0.0,0.4416
2440,0.0,0.4846
2441,0.0,0.5098
2442,0.004,0.4802
2443,0.114,0.4417
2444,0.17,0.4104
2445,0.012,0.3584
2446,0.0,0.3635
2447,0.0,0.2648
2448,0.0,0.2373
2449,0.0,0.3073
2450,0.003,0.2743
2451,0.121,0.2218
2452,0.199,0.1809
2453,0.005,0.2894
2454,0.0,0.3198
2455,0.0,0.2948
2456,0.0,0.3549
2457,0.0,0.4073
2458,0.003,0.3571
2459,0.263,0.3987
2460,0.412,0.2986
2461,0.018,0.2406
2462,0.0,0.3809
2463,0.0,0.3514
2464,0.0,0.2782
2465,0.0,0.2683
2466,0.001,0.2915
2467,0.093,0.1737
2468,0.101,0.1459
2469,0.002,0.1072
2470,0.0,0.1395
2471,0.0,0.1313
2472,0.0,0.1257
2473,0.0,0.1195
2474,0.008,0.1189
2475,0.362,0.1539
2476,0.371,0.2592
2477,0.01,0.1823
2478,0.0,0.2351
2479,0.0,0.1655
2480,0.0,0.1085
2481,0.0,0.1098
2482,0.002,0.0822
2483,0.255,0.0807
2484,0.411,0.127
2485,0.016,0.1302
2486,0.0,0.281
2487,0.0,0.1917
2488,0.0,0.0749
2489,0.0,0.0759
2490,0.002,0.18
2491,0.099,0.227
2492,0.121,0.2367
2493,0.007,0.1893
2494,0.0,0.2134
2495,0.0,0.1749
2496,0.0,0.151
2497,0.0,0.1238
2498,0.001,0.1393
2499,0.049,0.1296
2500,0.089,0.1896
2501,0.003,0.1644
2502,0.0,0.1806
2503,0.0,0.1085
2504,0.0,0.0472
2505,0.0,0.0221
2506,0.004,0.0411
2507,0.277,0.0396
2508,0.313,0.0575
2509,0.015,0.0632
2510,0.0,0.0564
2511,0.0,0.0958
2512,0.0,0.0804
2513,0.0,0.0415
2514,0.007,0.0644
2515,0.428,0.1541
2516,0.449,0.2644
2517,0.01,0.2361
2518,0.0,0.311
2519,0.0,0.3083
2520,0.0,0.3355
2521,0.0,0.2591
2522,0.0,0.2195
2523,0.073,0.0979
2524,0.101,0.075
2525,0.0,0.0518
2526,0.0,0.0884
2527,0.0,0.0766
2528,0.0,0.0775
2529,0.0,0.0353
2530,0.0,0.0369
2531,0.064,0.0236
2532,0.049,0.0524
2533,0.0,0.1017
2534,0.0,0.1712
2535,0.0,0.1864
2536,0.0,0.1297
2537,0.0,0.1029
2538,0.005,0.0917
2539,0.455,0.1031
2540,0.459,0.2093
2541,0.01,0.3444
2542,0.0,0.4622
2543,0.0,0.3524
2544,0.0,0.3372
2545,0.0,0.3701
2546,0.002,0.4157
2547,0.145,0.4794
2548,0.267,0.4789
2549,0.001,0.3684
2550,0.0,0.4388
2551,0.0,0.4231
2552,0.0,0.4798
2553,0.0,0.4882
2554,0.001,0.4521
2555,0.275,0.4072
2556,0.34,0.3001
2557,0.004,0.1871
2558,0.0,0.1124
2559,0.0,0.0638
2560,0.0,0.1386
2561,0.0,0.1667
2562,0.001,0.249
2563,0.164,0.2731
2564,0.207,0.4319
2565,0.0,0.5854
2566,0.0,0.6277
2567,0.0,0.5811
2568,0.0,0.3774
2569,0.0,0.2995
2570,0.0,0.3194
2571,0.075,0.2939
2572,0.215,0.3375
2573,0.003,0.3285
2574,0.0,0.2782
2575,0.0,0.293
2576,0.0,0.329
2577,0.0,0.298
2578,0.0,0.1782
2579,0.268,0.1688
2580,0.253,0.1818
2581,0.0,0.1373
2582,0.0,0.1575
2583,0.0,0.121
2584,0.0,0.077
2585,0.0,0.0581
2586,0.0,0.0452
2587,0.1,0.0247
2588,0.142,0.0274
2589,0.0,0.0797
2590,0.0,0.0988
2591,0.0,0.063
2592,0.0,0.0694
2593,0.0,0.0994
2594,0.0,0.1379
2595,0.091,0.0915
2596,0.088,0.1056
2597,0.0,0.1446
2598,0.0,0.2455
2599,0.0,0.2622
2600,0.0,0.2029
2601,0.0,0.1775
2602,0.0,0.2081
2603,0.13,0.2748
2604,0.202,0.2922
2605,0.0,0.3247
2606,0.0,0.3919
2607,0.0,0.3693
2608,0.0,0.3754
2609,0.0,0.3832
2610,0.001,0.4058
2611,0.332,0.5272
2612,0.364,0.5549
2613,0.002,0.5682
2614,0.0,0.5072
2615,0.0,0.4121
2616,0.0,0.3533
2617,0.0,0.3222
2618,0.001,0.2579
2619,0.186,0.2382
2620,0.247,0.1915
2621,0.001,0.1957
2622,0.0,0.1505
2623,0.0,0.0977
2624,0.0,0.0808
2625,0.0,0.0709
2626,0.0,0.0548
2627,0.068,0.0582
2628,0.105,0.0416
2629,0.0,0.0316
2630,0.0,0.0722
2631,0.0,0.0919
2632,0.0,0.0859
2633,0.0,0.094
2634,0.0,0.0993
2635,0.053,0.114
2636,0.052,0.1238
2637,0.0,0.098
2638,0.0,0.1297
2639,0.0,0.141
2640,0.0,0.1695
2641,0.0,0.2325
2642,0.0,0.3137
2643,0.061,0.3735
2644,0.056,0.2476
2645,0.0,0.1851
2646,0.0,0.22
2647,0.0,0.2714
2648,0.0,0.3071
2649,0.0,0.3564
2650,0.0,0.4055
2651,0.112,0.4006
2652,0.214,0.4909
2653,0.0,0.5697
2654,0.0,0.6132
2655,0.0,0.6187
2656,0.0,0.5801
2657,0.0,0.5636
2658,0.0,0.4393
2659,0.083,0.4067
2660,0.142,0.4686
2661,0.0,0.4235
2662,0.0,0.4587
2663,0.0,0.3625
2664,0.0,0.2833
2665,0.0,0.2323
2666,0.0,0.1965
2667,0.315,0.1531
2668,0.316,0.1388
2669,0.0,0.087
2670,0.0,0.0799
2671,0.0,0.0603
2672,0.0,0.0271
2673,0.0,0.0393
2674,0.0,0.0996
2675,0.207,0.1595
2676,0.25,0.2128
2677,0.0,0.2052
2678,0.0,0.201
2679,0.0,0.1532
2680,0.0,0.1101
2681,0.0,0.1033
2682,0.0,0.0804
2683,0.239,0.1921
2684,0.28,0.3192
2685,0.0,0.3546
2686,0.0,0.4091
2687,0.0,0.3865
2688,0.0,0.3568
2689,0.0,0.2433
2690,0.0,0.1627
2691,0.243,0.0815
2692,0.255,0.0636
2693,0.0,0.0464
2694,0.0,0.0615
2695,0.0,0.0908
2696,0.0,0.0866
2697,0.0,0.0686
2698,0.0,0.0775
2699,0.385,0.1278
2700,0.401,0.1523
2701,0.0,0.2432
2702,0.0,0.3444
2703,0.0,0.3245
2704,0.0,0.2962
2705,0.0,0.3022
2706,0.0,0.3318
2707,0.388,0.3367
2708,0.4,0.2856
2709,0.0,0.2678
2710,0.0,0.2939
2711,0.0,0.3226
2712,0.0,0.3092
2713,0.0,0.3342
2714,0.0,0.4044
2715,0.329,0.4154
2716,0.367,0.4151
2717,0.001,0.4856
2718,0.0,0.5161
2719,0.0,0.5154
2720,0.0,0.5564
2721,0.0,0.5963
2722,0.0,0.6763
2723,0.103,0.6269
2724,0.091,0.5529
2725,0.0,0.535
2726,0.0,0.5086
2727,0.0,0.4452
2728,0.0,0.4015
2729,0.0,0.4161
2730,0.0,0.5224
2731,0.132,0.5645
2732,0.12,0.6441
2733,0.0,0.6431
2734,0.0,0.562
2735,0.0,0.4978
2736,0.0,0.4938
2737,0.0,0.4832
2738,0.0,0.4583
2739,0.077,0.4306
2740,0.125,0.407
2741,0.0,0.3375
2742,0.0,0.2608
2743,0.0,0.2351
2744,0.0,0.4231
2745,0.0,0.4105
2746,0.0,0.4289
2747,0.253,0.3382
2748,0.337,0.3007
2749,0.0,0.2018
2750,0.0,0.1678
2751,0.0,0.1386
2752,0.0,0.1736
2753,0.0,0.202
2754,0.0,0.2304
2755,0.382,0.2341
2756,0.366,0.207
2757,0.001,0.2735
2758,0.0,0.2777
2759,0.0,0.244
2760,0.0,0.2308
2761,0.0,0.2014
2762,0.0,0.1701
2763,0.154,0.134
2764,0.146,0.1129
2765,0.0,0.1122
2766,0.0,0.1259
2767,0.0,0.1078
2768,0.0,0.1522
2769,0.0,0.2369
2770,0.0,0.3338
2771,0.156,0.4572
2772,0.092,0.4635
2773,0.0,0.4504
2774,0.0,0.4806
2775,0.0,0.4311
2776,0.0,0.4754
2777,0.0,0.4891
2778,0.0,0.4197
2779,0.147,0.4762
2780,0.096,0.7978
2781,0.0,0.8603
2782,0.0,0.8244
2783,0.0,0.7544
2784,0.0,0.5569
2785,0.0,0.2896
2786,0.0,0.3624
2787,0.068,0.6753
2788,0.103,0.6046
2789,0.0,0.4778
2790,0.0,0.4142
2791,0.0,0.3282
2792,0.0,0.2109
2793,0.0,0.1264
2794,0.0,0.1746
2795,0.093,0.2475
2796,0.171,0.2003
2797,0.0,0.2968
2798,0.0,0.2454
2799,0.0,0.2336
2800,0.0,0.2236
2801,0.0,0.2272
2802,0.0,0.2381
2803,0.072,0.2122
2804,0.088,0.1679
2805,0.0,0.2451
2806,0.0,0.2234
2807,0.0,0.2712
2808,0.0,0.3401
2809,0.0,0.4348
2810,0.0,0.3367
2811,0.124,0.1383
2812,0.176,0.0685
2813,0.0,0.0714
2814,0.0,0.0403
2815,0.0,0.0555
2816,0.0,0.0817
2817,0.0,0.1034
2818,0.0,0.1801
2819,0.057,0.1907
2820,0.113,0.2611
2821,0.0,0.3403
2822,0.0,0.3893
2823,0.0,0.3865
2824,0.0,0.3573
2825,0.0,0.3634
2826,0.0,0.4112
2827,0.131,0.4593
2828,0.229,0.4558
2829,0.0,0.5211
2830,0.0,0.4347
2831,0.0,0.3644
2832,0.0,0.3384
2833,0.0,0.2378
2834,0.0,0.1696
2835,0.068,0.0702
2836,0.039,0.0338
2837,0.0,0.0858
2838,0.0,0.1365
2839,0.0,0.1208
2840,0.0,0.1283
2841,0.0,0.1212
2842,0.0,0.0854
2843,0.053,0.0762
2844,0.061,0.0596
2845,0.0,0.1006
2846,0.0,0.1396
2847,0.0,0.2217
2848,0.0,0.3209
2849,0.0,0.4251
2850,0.0,0.433
2851,0.03,0.3988
2852,0.041,0.4509
2853,0.0,0.5241
2854,0.0,0.5324
2855,0.0,0.5054
2856,0.0,0.5338
2857,0.0,0.4732
2858,0.0,0.3851
2859,0.161,0.2861
2860,0.191,0.1982
2861,0.0,0.2422
2862,0.0,0.4488
2863,0.0,0.4703
2864,0.0,0.4248
2865,0.0,0.3962
2866,0.0,0.3383
2867,0.048,0.249
2868,0.095,0.302
2869,0.0,0.3353
2870,0.0,0.3292
2871,0.0,0.2804
2872,0.0,0.2429
2873,0.0,0.239
2874,0.0,0.188
2875,0.154,0.1504
2876,0.236,0.1429
2877,0.0,0.1148
2878,0.0,0.0902
2879,0.0,0.1252
2880,0.0,0.1124
2881,0.0,0.0782
2882,0.0,0.0718
2883,0.199,0.0885
2884,0.213,0.2041
2885,0.0,0.247
2886,0.0,0.2303
2887,0.0,0.2238
2888,0.0,0.308
2889,0.0,0.3034
2890,0.0,0.288
2891,0.207,0.3691
2892,0.209,0.3128
2893,0.0,0.2538
2894,0.0,0.2286
2895,0.0,0.1536
2896,0.0,0.1325
2897,0.0,0.1094
2898,0.0,0.0973
2899,0.292,0.105
2900,0.344,0.0617
2901,0.0,0.0429
2902,0.0,0.0796
2903,0.0,0.1274
2904,0.0,0.1063
2905,0.0,0.1226
2906,0.0,0.1642
2907,0.286,0.1457
2908,0.322,0.1776
2909,0.0,0.3718
2910,0.0,0.3891
2911,0.0,0.3962
2912,0.0,0.4466
2913,0.0,0.4713
2914,0.0,0.4636
2915,0.195,0.3049
2916,0.135,0.3944
2917,0.0,0.3788
2918,0.0,0.3157
2919,0.0,0.2636
