,demand
0,5719.26
1,5474.74
2,5413.39
3,5891.23
4,6662.42
5,6848.63
6,6936.06
7,6446.72
8,5844.14
9,5844.16
10,7467.41
11,8709.61
12,9146.41
13,9165.62
14,9014.41
15,8189.57
16,7063.72
17,6944.61
18,8546.99
19,9459.78
20,9688.05
21,9618.63
22,9404.76
23,8565.91
24,7404.83
25,7267.58
26,8889.04
27,9729.44
28,9821.96
29,9738.89
30,9358.34
31,8388.26
32,6989.99
33,6937.92
34,7186.81
35,8222.91
36,8654.07
37,8430.03
38,8202.31
39,7435.26
40,6463.1
41,6474.78
42,6671.23
43,7822.54
44,8398.32
45,8373.94
46,8457.52
47,7832.01
48,7215.09
49,7136.61
50,9131.06
51,9951.5
52,10024.33
53,10039.87
54,9719.19
55,8838.49
56,7597.88
57,7480.63
58,9302.02
59,10155.77
60,10177.92
61,9993.63
62,9734.28
63,8700.38
64,7536.08
65,7441.63
66,9265.68
67,10043.03
68,10138.72
69,10093.93
70,9784.77
71,8900.42
72,7607.0
73,7460.37
74,9304.14
75,10107.35
76,10040.81
77,10047.72
78,9769.46
79,8897.32
80,7713.69
81,7581.68
82,9464.69
83,10254.34
84,10115.58
85,10087.78
86,9800.91
87,8752.44
88,7197.92
89,7059.86
90,7472.38
91,8543.1
92,8785.8
93,8654.43
94,8450.03
95,7645.42
96,6682.45
97,6664.26
98,6826.97
99,8015.51
100,8397.91
101,8371.5
102,8497.05
103,7794.61
104,7165.43
105,7034.59
106,8916.68
107,9832.83
108,9952.62
109,9933.16
110,9766.31
111,8855.04
112,7651.6
113,7543.05
114,9377.4
115,10145.98
116,10070.25
117,10090.64
118,9735.84
119,8761.52
120,7547.15
121,7374.19
122,9155.25
123,9879.32
124,9827.51
125,9738.66
126,9625.65
127,8691.96
128,7567.07
129,7438.72
130,9179.65
131,9870.34
132,9782.86
133,9671.29
134,9559.59
135,8628.24
136,7405.45
137,7274.03
138,9146.51
139,9957.56
140,9782.02
141,9612.6
142,9539.36
143,8592.87
144,7276.2
145,7233.53
146,7798.07
147,8815.34
148,8705.96
149,8538.53
150,8656.67
151,7852.72
152,6959.38
153,7031.48
154,7224.96
155,8403.64
156,8678.02
157,8660.67
158,8813.5
159,8244.14
160,7746.95
161,7786.51
162,9772.77
163,10486.74
164,10305.38
165,10190.69
166,10231.23
167,9393.51
168,8233.34
169,8256.06
170,10109.1
171,10897.82
172,10641.85
173,10459.75
174,10409.73
175,9584.41
176,8443.82
177,8430.17
178,10212.14
179,10901.16
180,10713.92
181,10668.74
182,10485.13
183,9546.98
184,8346.39
185,8253.51
186,9993.55
187,10803.12
188,10818.99
189,10679.95
190,10382.18
191,9426.51
192,8253.85
193,8130.58
194,9857.08
195,10690.27
196,10544.95
197,10493.0
198,10162.48
199,9105.93
200,7641.14
201,7623.17
202,8056.02
203,9239.5
204,9355.52
205,9074.96
206,8915.62
207,8019.81
208,7029.35
209,7045.77
210,7202.83
211,8354.42
212,8614.75
213,8503.8
214,8733.15
215,8109.04
216,7484.97
217,7415.15
218,9376.01
219,10256.73
220,10304.3
221,10157.11
222,9930.86
223,9006.29
224,7809.22
225,7696.83
226,9587.04
227,10289.31
228,10131.01
229,10086.86
230,10024.32
231,9145.59
232,8002.15
233,7971.9
234,9812.3
235,10395.56
236,10088.99
237,9957.4
238,10028.34
239,9116.35
240,7887.2
241,7834.83
242,9642.74
243,10280.58
244,10078.4
245,10073.61
246,10003.2
247,9118.71
248,7867.15
249,7706.2
250,9307.51
251,10177.7
252,10128.95
253,9875.15
254,9458.46
255,8380.69
256,6949.05
257,6865.79
258,7279.95
259,8303.9
260,8496.02
261,8301.57
262,8225.98
263,7459.24
264,6522.9
265,6568.94
266,6814.09
267,8089.19
268,8528.56
269,8405.26
270,8523.33
271,8035.33
272,7408.95
273,7387.75
274,9143.89
275,9950.46
276,9911.56
277,9790.61
278,9864.23
279,9037.73
280,7948.06
281,7928.89
282,9748.58
283,10397.39
284,10046.4
285,9815.11
286,9974.98
287,9100.47
288,7870.69
289,7768.99
290,9584.94
291,10336.78
292,10223.83
293,9987.23
294,10014.99
295,9154.91
296,7987.72
297,7956.16
298,9774.57
299,10346.71
300,10211.6
301,9990.27
302,9955.66
303,9087.98
304,7885.62
305,7743.95
306,9471.17
307,10124.43
308,9824.57
309,9487.28
310,9538.73
311,8546.96
312,7184.99
313,7091.29
314,7503.93
315,8594.01
316,8625.41
317,8285.93
318,8410.12
319,7569.38
320,6587.37
321,6608.06
322,6866.41
323,7957.3
324,8152.75
325,8107.23
326,8376.68
327,7770.63
328,7157.15
329,7045.77
330,8922.02
331,9832.24
332,9902.56
333,9724.6
334,9546.94
335,8660.46
336,7623.38
337,7472.82
338,9331.28
339,9997.65
340,10018.43
341,9801.22
342,9694.05
343,8810.11
344,7674.88
345,7529.68
346,9291.4
347,9994.88
348,9950.14
349,9797.7
350,9555.77
351,8692.37
352,7503.26
353,7322.4
354,9114.26
355,9722.25
356,9661.61
357,9338.01
358,9383.15
359,8584.84
360,7437.03
361,7306.01
362,9077.49
363,9592.55
364,9283.87
365,8940.21
366,9082.7
367,8209.05
368,6854.17
369,6858.01
370,7468.59
371,8348.55
372,8041.81
373,7614.71
374,8017.15
375,7350.07
376,6428.87
377,6471.13
378,6795.79
379,7784.03
380,7655.33
381,7439.5
382,8144.89
383,7647.65
384,7141.55
385,7053.39
386,9047.72
387,9583.17
388,9307.59
389,8947.79
390,9270.42
391,8527.15
392,7422.68
393,7276.51
394,9184.63
395,9623.37
396,9315.09
397,9114.87
398,9318.55
399,8481.13
400,7397.42
401,7173.29
402,9025.49
403,9579.6
404,9468.46
405,9295.5
406,9362.69
407,8550.53
408,7403.49
409,7193.04
410,9092.14
411,9566.34
412,9497.75
413,9455.3
414,9347.3
415,8463.76
416,7216.64
417,7062.19
418,8738.58
419,9504.77
420,9606.36
421,9323.93
422,9252.67
423,8299.12
424,6989.04
425,7007.65
426,7555.23
427,8483.62
428,8393.63
429,8000.78
430,8323.01
431,7665.03
432,6733.62
433,6819.01
434,7041.54
435,8149.99
436,8277.53
437,7918.38
438,8303.07
439,7782.41
440,7218.49
441,7190.94
442,9051.27
443,9526.2
444,9309.22
445,9004.07
446,9218.97
447,8424.8
448,7274.81
449,7091.24
450,8869.67
451,9342.83
452,9244.64
453,9057.26
454,9126.53
455,8272.52
456,7170.46
457,7062.82
458,8854.62
459,9217.3
460,9025.92
461,8676.84
462,9039.47
463,8345.76
464,7175.64
465,6991.94
466,8744.52
467,9030.84
468,8822.65
469,8609.74
470,8838.02
471,7988.45
472,6840.87
473,6666.64
474,8389.76
475,9163.71
476,9161.74
477,8920.51
478,8717.33
479,7805.33
480,6441.43
481,6345.25
482,6814.31
483,7987.08
484,8172.73
485,7931.36
486,7885.18
487,7158.26
488,6185.32
489,6145.57
490,6337.43
491,7481.22
492,7626.48
493,7466.61
494,7873.1
495,7347.22
496,6701.65
497,6554.0
498,8340.94
499,8737.96
500,8763.02
501,8688.26
502,8804.7
503,8042.7
504,6965.82
505,6771.96
506,8557.69
507,9162.54
508,9208.22
509,9056.3
510,9044.66
511,8231.98
512,7099.89
513,6883.2
514,8685.55
515,9077.98
516,8922.57
517,8584.6
518,8872.03
519,8098.83
520,6968.13
521,6738.66
522,8486.96
523,8971.02
524,8840.46
525,8786.4
526,8788.39
527,8069.53
528,6871.94
529,6682.69
530,8414.4
531,8996.76
532,9008.52
533,8743.04
534,8585.67
535,7771.05
536,6440.29
537,6370.61
538,6752.49
539,7897.61
540,7968.56
541,7633.22
542,7619.69
543,6840.32
544,5922.38
545,5922.73
546,6091.67
547,7342.32
548,7674.76
549,7545.66
550,7587.09
551,7012.77
552,6305.49
553,6296.08
554,8182.14
555,9114.07
556,9229.58
557,9228.08
558,9241.16
559,8357.39
560,7234.34
561,7026.95
562,8703.36
563,9233.49
564,9301.47
565,9091.24
566,9130.0
567,8442.52
568,7196.88
569,7005.72
570,8770.38
571,9423.65
572,9286.38
573,9123.09
574,9080.72
575,8405.8
576,7195.67
577,7049.58
578,8701.98
579,9340.75
580,9361.18
581,9285.25
582,9163.19
583,8443.27
584,7199.02
585,6977.17
586,8572.75
587,9179.26
588,9211.03
589,9085.83
590,8837.04
591,7834.81
592,6428.34
593,6381.94
594,6821.32
595,8032.2
596,8121.94
597,7953.88
598,7800.59
599,7032.51
600,6135.81
601,6140.81
602,6323.34
603,7361.33
604,7205.24
605,6951.21
606,7508.81
607,7177.21
608,6643.08
609,6601.99
610,8387.78
611,9117.62
612,9239.03
613,9043.68
614,8913.28
615,8274.9
616,7230.39
617,7039.68
618,8769.12
619,9206.58
620,9262.75
621,9099.7
622,9031.64
623,8480.81
624,7284.39
625,7088.16
626,8783.13
627,9166.37
628,9195.09
629,8829.25
630,8869.12
631,8413.58
632,7289.74
633,7111.13
634,8798.8
635,9142.0
636,8986.75
637,8625.3
638,8733.82
639,8226.35
640,7049.33
641,6904.27
642,8518.29
643,8897.86
644,8749.39
645,8377.66
646,8342.88
647,7720.02
648,6292.23
649,6200.14
650,6641.84
651,7463.17
652,7304.82
653,6849.25
654,7031.28
655,6656.1
656,5734.38
657,5683.64
658,5874.18
659,7158.03
660,7343.56
661,7201.39
662,7498.27
663,7104.97
664,6539.98
665,6397.16
666,8139.2
667,8883.34
668,9155.15
669,8880.06
670,8765.07
671,8223.32
672,7023.94
673,6801.78
674,8493.95
675,9137.25
676,9250.43
677,8991.9
678,8940.04
679,8240.57
680,7051.73
681,6839.84
682,8524.02
683,9074.06
684,9140.88
685,9004.32
686,8826.24
687,8270.16
688,7225.7
689,6787.0
690,8469.82
691,9173.76
692,9274.65
693,9054.66
694,8781.08
695,8205.0
696,6929.6
697,6730.89
698,8397.01
699,8857.51
700,8781.8
701,8353.04
702,8155.01
703,7709.25
704,6271.71
705,6245.93
706,6725.19
707,7490.55
708,7318.37
709,6821.75
710,6953.84
711,6774.88
712,5817.81
713,5920.2
714,6167.69
715,7188.8
716,6965.47
717,6627.19
718,7215.14
719,6995.6
720,6447.28
721,6381.13
722,8570.54
723,8610.84
724,8622.24
725,8273.59
726,8460.67
727,7551.69
728,6867.6
729,6769.01
730,8751.92
731,8547.76
732,8463.79
733,8114.93
734,8281.83
735,7315.01
736,6660.67
737,6534.82
738,8428.91
739,8397.98
740,8350.78
741,8057.67
742,8163.74
743,7247.59
744,6684.58
745,6570.94
746,8473.78
747,8445.77
748,8498.55
749,8226.39
750,8305.94
751,7333.33
752,6620.19
753,6486.23
754,8453.49
755,8386.57
756,8401.23
757,8089.45
758,8065.59
759,6959.02
760,5904.6
761,5946.33
762,6667.72
763,7565.9
764,7296.42
765,6923.53
766,6895.03
767,6388.0
768,5499.45
769,5657.67
770,6207.61
771,7130.37
772,6849.58
773,6746.14
774,7078.22
775,6836.99
776,6389.75
777,6289.86
778,8480.16
779,8510.55
780,8575.83
781,8270.43
782,8288.98
783,7326.23
784,6595.48
785,6489.58
786,8488.8
787,8450.02
788,8530.9
789,8225.34
790,8379.22
791,7417.44
792,6754.86
793,6648.7
794,8781.78
795,8755.68
796,8782.26
797,8483.58
798,8561.06
799,7548.49
800,6826.85
801,6764.08
802,8860.82
803,8992.19
804,9013.23
805,8711.31
806,8634.3
807,7704.79
808,7035.92
809,6954.25
810,8975.52
811,9211.06
812,9170.29
813,8889.11
814,8677.52
815,7395.82
816,6366.21
817,6436.55
818,7239.37
819,8180.58
820,7930.53
821,7648.05
822,7479.94
823,6870.93
824,6000.31
825,6084.37
826,6631.3
827,7866.54
828,7613.19
829,7404.13
830,7477.4
831,7189.65
832,6782.68
833,6736.66
834,8892.12
835,8815.12
836,8785.35
837,8361.56
838,8452.55
839,7698.89
840,7072.4
841,7015.12
842,9029.15
843,8784.63
844,8757.42
845,8382.34
846,8506.31
847,7758.49
848,6996.47
849,6947.7
850,8970.37
851,8811.03
852,8750.64
853,8480.66
854,8475.02
855,7730.26
856,6970.6
857,6834.69
858,8707.9
859,8670.38
860,8584.72
861,8141.6
862,7834.83
863,7123.65
864,6039.0
865,5991.14
866,6550.96
867,7145.39
868,7030.56
869,6717.16
870,6572.19
871,6302.96
872,5455.92
873,5548.3
874,6158.69
875,6895.06
876,6714.57
877,6422.63
878,6272.32
879,6077.81
880,5254.24
881,5345.45
882,5754.3
883,6680.71
884,6369.86
885,6150.04
886,6099.43
887,5985.78
888,5141.01
889,5184.88
890,5648.87
891,6136.56
892,6101.98
893,6096.26
894,6319.57
895,6230.83
896,5850.72
897,5793.42
898,8010.23
899,8345.77
900,8526.21
901,8473.48
902,8405.39
903,7286.59
904,6575.5
905,6396.79
906,8408.13
907,8450.26
908,8388.46
909,8068.34
910,7944.42
911,7221.14
912,6506.24
913,6366.02
914,8149.17
915,8280.15
916,8386.51
917,8102.42
918,7886.06
919,7214.58
920,6453.96
921,6230.71
922,8036.01
923,8243.1
924,8319.6
925,8044.14
926,7723.51
927,6783.09
928,5815.25
929,5738.04
930,6379.89
931,7487.69
932,7270.0
933,6854.3
934,6627.59
935,6293.98
936,5450.72
937,5457.39
938,5915.97
939,7123.66
940,6855.85
941,6751.55
942,6947.05
943,6838.34
944,6303.51
945,6215.38
946,8436.45
947,8870.14
948,8964.55
949,8670.08
950,8375.66
951,7340.76
952,6615.4
953,6541.29
954,8455.21
955,8678.6
956,8606.33
957,8100.9
958,7496.18
959,6903.6
960,5995.02
961,6030.1
962,6479.11
963,7417.5
964,7244.61
965,6993.85
966,6934.18
967,6746.41
968,6243.97
969,6098.16
970,8065.35
971,8217.28
972,8279.59
973,7934.96
974,7795.68
975,7093.58
976,6295.65
977,6140.83
978,8051.79
979,8461.11
980,8415.65
981,8078.22
982,7753.95
983,6858.81
984,5806.25
985,5839.75
986,6457.57
987,7346.57
988,7187.7
989,7136.62
990,6913.07
991,6443.54
992,5626.02
993,5719.34
994,6169.95
995,7288.81
996,7008.12
997,6986.63
998,7029.62
999,6906.69
1000,6504.61
1001,6466.3
1002,8455.86
1003,8622.39
1004,8732.77
1005,8430.24
1006,8220.56
1007,7468.03
1008,6822.32
1009,6764.27
1010,8528.11
1011,8549.99
1012,8630.48
1013,8386.0
1014,8085.81
1015,7262.97
1016,6295.46
1017,6417.85
1018,6855.54
1019,7456.41
1020,7205.11
1021,6936.28
1022,7085.88
1023,6830.44
1024,6337.53
1025,6192.0
1026,8415.52
1027,8686.44
1028,8619.22
1029,8194.64
1030,7930.3
1031,7159.13
1032,6401.14
1033,6259.79
1034,8005.44
1035,8267.96
1036,8257.32
1037,7869.58
1038,7435.39
1039,6788.59
1040,5812.89
1041,5813.77
1042,6413.38
1043,7221.18
1044,7020.74
1045,6846.61
1046,6672.09
1047,6277.87
1048,5461.39
1049,5439.56
1050,5906.95
1051,7254.57
1052,7022.55
1053,6947.32
1054,7014.58
1055,6809.37
1056,6359.55
1057,6299.59
1058,8262.67
1059,8449.76
1060,8566.15
1061,8348.64
1062,8129.66
1063,7395.56
1064,6697.78
1065,6656.36
1066,8403.09
1067,8631.49
1068,8763.05
1069,8588.45
1070,8394.23
1071,7495.82
1072,6785.31
1073,6668.05
1074,8638.59
1075,9034.65
1076,9136.86
1077,8917.9
1078,8603.11
1079,7596.29
1080,6806.07
1081,6674.52
1082,8671.3
1083,9020.26
1084,9020.07
1085,8684.4
1086,8380.49
1087,7581.45
1088,6770.51
1089,6610.96
1090,8521.71
1091,8567.7
1092,8501.78
1093,8079.09
1094,7642.58
1095,6997.54
1096,5913.46
1097,5887.51
1098,6502.52
1099,7266.78
1100,6967.57
1101,6588.03
1102,6347.17
1103,6296.19
1104,5432.85
1105,5434.79
1106,5772.91
1107,6818.22
1108,6622.32
1109,6556.67
1110,6638.88
1111,6624.12
1112,6147.84
1113,5999.32
1114,8099.21
1115,8490.97
1116,8622.67
1117,8181.12
1118,7896.2
1119,7145.82
1120,6401.02
1121,6217.6
1122,8079.15
1123,8245.83
1124,8397.14
1125,8089.36
1126,7808.67
1127,7211.18
1128,6460.46
1129,6252.34
1130,8249.05
1131,8691.75
1132,8760.73
1133,8508.65
1134,8111.76
1135,7167.93
1136,6423.94
1137,6305.63
1138,8342.59
1139,8557.91
1140,8589.07
1141,8167.01
1142,7847.27
1143,7228.57
1144,6492.17
1145,6268.62
1146,8119.48
1147,8248.55
1148,8158.87
1149,7789.14
1150,7299.88
1151,6703.68
1152,5632.45
1153,5559.31
1154,6134.15
1155,6931.29
1156,6765.48
1157,6468.29
1158,6252.98
1159,6052.11
1160,5235.67
1161,5116.4
1162,5536.62
1163,6682.68
1164,6545.05
1165,6508.92
1166,6469.06
1167,6564.81
1168,6003.41
1169,5830.98
1170,7854.39
1171,8229.88
1172,8353.6
1173,8066.26
1174,7850.37
1175,7025.94
1176,6240.72
1177,6029.26
1178,7845.78
1179,8298.03
1180,8455.2
1181,8258.18
1182,7845.47
1183,7077.9
1184,6261.36
1185,6068.22
1186,8064.33
1187,8482.68
1188,8496.42
1189,8063.07
1190,7744.48
1191,7139.68
1192,6299.16
1193,6143.95
1194,8037.72
1195,8261.04
1196,8288.8
1197,7968.18
1198,7607.78
1199,7092.09
1200,6219.77
1201,6013.32
1202,7956.6
1203,8136.32
1204,8107.21
1205,7764.2
1206,7258.46
1207,6647.74
1208,5572.57
1209,5479.15
1210,6041.7
1211,6989.76
1212,6818.0
1213,6483.86
1214,6204.51
1215,6123.9
1216,5204.02
1217,5097.42
1218,5498.35
1219,6720.45
1220,6624.74
1221,6501.5
1222,6440.33
1223,6597.94
1224,5940.6
1225,5727.3
1226,7769.48
1227,8252.14
1228,8449.09
1229,8151.29
1230,7766.89
1231,7123.85
1232,6271.58
1233,5955.94
1234,7869.26
1235,8403.24
1236,8532.4
1237,8213.75
1238,7775.07
1239,7211.97
1240,6270.0
1241,5949.67
1242,7927.02
1243,8472.54
1244,8601.28
1245,8220.78
1246,7770.38
1247,7219.8
1248,6258.27
1249,5997.95
1250,7939.62
1251,8373.45
1252,8474.19
1253,8202.28
1254,7734.98
1255,7017.76
1256,6179.2
1257,5937.35
1258,7854.83
1259,8272.31
1260,8208.3
1261,7911.83
1262,7294.57
1263,6624.57
1264,5498.04
1265,5344.6
1266,5982.68
1267,6961.75
1268,6789.77
1269,6477.18
1270,6055.56
1271,5954.4
1272,5105.42
1273,4890.67
1274,5353.81
1275,6616.78
1276,6550.39
1277,6461.57
1278,6465.28
1279,6571.48
1280,5969.78
1281,5676.72
1282,7725.66
1283,8232.64
1284,8499.61
1285,8235.08
1286,7832.12
1287,7130.18
1288,6234.24
1289,5999.4
1290,7949.17
1291,8441.17
1292,8685.37
1293,8440.79
1294,7938.51
1295,7367.72
1296,6427.56
1297,6128.13
1298,8045.79
1299,8568.02
1300,8729.03
1301,8469.63
1302,7947.93
1303,7303.03
1304,6362.72
1305,6093.24
1306,7987.67
1307,8497.91
1308,8662.59
1309,8306.99
1310,7803.05
1311,7206.67
1312,6306.71
1313,5959.83
1314,7890.74
1315,8448.87
1316,8513.77
1317,8190.13
1318,7525.77
1319,6804.78
1320,5716.27
1321,5478.0
1322,6142.49
1323,7167.67
1324,7131.77
1325,6893.83
1326,6399.46
1327,6077.43
1328,5235.78
1329,5012.76
1330,5435.31
1331,6602.27
1332,6539.69
1333,6461.59
1334,6451.46
1335,6511.29
1336,5931.24
1337,5667.72
1338,7633.52
1339,8143.28
1340,8370.57
1341,8069.47
1342,7623.66
1343,7075.93
1344,6189.98
1345,5873.57
1346,7742.85
1347,8278.31
1348,8431.64
1349,8113.32
1350,7691.92
1351,7131.88
1352,6244.54
1353,5977.03
1354,7886.1
1355,8417.43
1356,8619.08
1357,8207.14
1358,7736.12
1359,7122.65
1360,6272.1
1361,6008.3
1362,7852.94
1363,8289.0
1364,8494.4
1365,8245.3
1366,7688.54
1367,7065.38
1368,6236.03
1369,5957.95
1370,7824.07
1371,8352.9
1372,8386.1
1373,8069.35
1374,7391.95
1375,6680.72
1376,5624.88
1377,5434.37
1378,6026.79
1379,7034.72
1380,7024.89
1381,6665.33
1382,6231.8
1383,6025.36
1384,5211.98
1385,5064.79
1386,5428.28
1387,6701.64
1388,6695.36
1389,6567.79
1390,6503.0
1391,6594.71
1392,5949.33
1393,5694.7
1394,7638.14
1395,8187.07
1396,8500.41
1397,8239.81
1398,7748.36
1399,7227.56
1400,6295.12
1401,5994.99
1402,7911.66
1403,8481.96
1404,8770.91
1405,8462.08
1406,7931.56
1407,7407.44
1408,6417.61
1409,6147.87
1410,8050.96
1411,8677.83
1412,8839.39
1413,8550.76
1414,8094.3
1415,7554.87
1416,6590.14
1417,6300.82
1418,8228.09
1419,8660.91
1420,8707.58
1421,8362.99
1422,7872.17
1423,7273.92
1424,6329.5
1425,6004.86
1426,7748.21
1427,8156.65
1428,8144.43
1429,7836.68
1430,7197.95
1431,6543.23
1432,5547.95
1433,5310.5
1434,5878.88
1435,6898.01
1436,6786.53
1437,6568.62
1438,6138.57
1439,5991.19
1440,5150.39
1441,4952.07
1442,5377.56
1443,6638.15
1444,6719.13
1445,6659.64
1446,6575.79
1447,6715.1
1448,6024.94
1449,5783.54
1450,7655.01
1451,8563.3
1452,8748.65
1453,8225.25
1454,7708.24
1455,7087.93
1456,6257.83
1457,6023.37
1458,7760.88
1459,8237.13
1460,8373.41
1461,8038.39
1462,7576.14
1463,7054.7
1464,6150.93
1465,5912.93
1466,7550.7
1467,8032.08
1468,8130.84
1469,7874.72
1470,7447.95
1471,6965.91
1472,6112.84
1473,5852.01
1474,7442.43
1475,7949.59
1476,8051.01
1477,7653.89
1478,7105.52
1479,6421.26
1480,5522.73
1481,5139.17
1482,5654.37
1483,6622.33
1484,6642.09
1485,6478.23
1486,6097.63
1487,5862.54
1488,5035.46
1489,4871.31
1490,5367.52
1491,6452.58
1492,6505.27
1493,6384.83
1494,6087.65
1495,5848.73
1496,5004.37
1497,4874.78
1498,5284.76
1499,6414.33
1500,6332.64
1501,6253.28
1502,6228.75
1503,6306.22
1504,5682.47
1505,5531.98
1506,7265.03
1507,7830.37
1508,8043.48
1509,7744.56
1510,7292.16
1511,6777.65
1512,6064.55
1513,5805.4
1514,7390.02
1515,7881.45
1516,8070.25
1517,7763.76
1518,7324.12
1519,6723.86
1520,6010.1
1521,5819.67
1522,7378.84
1523,7883.8
1524,8017.3
1525,7673.55
1526,7323.94
1527,6822.92
1528,6024.32
1529,5779.68
1530,7397.4
1531,7911.62
1532,8007.64
1533,7731.33
1534,7312.65
1535,6793.21
1536,5986.04
1537,5702.0
1538,7384.91
1539,7961.18
1540,7960.74
1541,7580.76
1542,7026.83
1543,6270.13
1544,5343.4
1545,5223.17
1546,5679.51
1547,6841.8
1548,6706.57
1549,6424.17
1550,5991.95
1551,5752.94
1552,4972.22
1553,4853.96
1554,5188.35
1555,6483.68
1556,6379.75
1557,6269.35
1558,6174.85
1559,6231.34
1560,5679.17
1561,5504.31
1562,7280.39
1563,7731.88
1564,7930.45
1565,7620.99
1566,7269.57
1567,6800.45
1568,5950.82
1569,5716.44
1570,7377.56
1571,7901.71
1572,7990.09
1573,7617.46
1574,7287.96
1575,6837.55
1576,5981.03
1577,5753.31
1578,7402.97
1579,7855.67
1580,8008.16
1581,7724.1
1582,7357.84
1583,6861.18
1584,6040.39
1585,5801.13
1586,7445.96
1587,7952.06
1588,8078.59
1589,7763.64
1590,7328.57
1591,6865.72
1592,6036.59
1593,5770.82
1594,7403.83
1595,7961.93
1596,7971.06
1597,7585.69
1598,7004.97
1599,6283.03
1600,5313.12
1601,5241.75
1602,5779.04
1603,6794.32
1604,6717.48
1605,6555.81
1606,6201.28
1607,5969.15
1608,5105.18
1609,4979.97
1610,5265.52
1611,6521.78
1612,6453.73
1613,6363.49
1614,6267.26
1615,6201.56
1616,5577.53
1617,5376.76
1618,7104.62
1619,7789.34
1620,7968.08
1621,7630.04
1622,7208.81
1623,6702.16
1624,5858.66
1625,5625.57
1626,7304.29
1627,7989.87
1628,8089.86
1629,7816.06
1630,7301.9
1631,6770.41
1632,5918.85
1633,5642.86
1634,7241.62
1635,7924.45
1636,8087.67
1637,7819.82
1638,7328.77
1639,6859.49
1640,5960.13
1641,5700.75
1642,7254.84
1643,7968.26
1644,8157.0
1645,7817.54
1646,7358.99
1647,6867.95
1648,5965.03
1649,5668.51
1650,7136.68
1651,7882.42
1652,7959.64
1653,7588.36
1654,6974.87
1655,6375.58
1656,5307.53
1657,5156.91
1658,5635.1
1659,6635.99
1660,6551.0
1661,6384.43
1662,5991.57
1663,5737.42
1664,4905.72
1665,4767.03
1666,5115.54
1667,6392.82
1668,6365.44
1669,6263.88
1670,6149.16
1671,5998.77
1672,5387.69
1673,5143.69
1674,6803.33
1675,7578.67
1676,7826.79
1677,7521.4
1678,6949.08
1679,6345.29
1680,5564.08
1681,5329.58
1682,6986.2
1683,7673.67
1684,7849.66
1685,7520.37
1686,6982.59
1687,6481.78
1688,5619.1
1689,5390.12
1690,6895.14
1691,7654.53
1692,7773.46
1693,7371.11
1694,6914.99
1695,6248.75
1696,5521.9
1697,5304.45
1698,6800.16
1699,7458.16
1700,7604.81
1701,7245.79
1702,6724.89
1703,6283.26
1704,5492.27
1705,5237.28
1706,6682.07
1707,7388.16
1708,7491.72
1709,7155.26
1710,6570.01
1711,5930.33
1712,5023.13
1713,4920.0
1714,5414.58
1715,6440.77
1716,6329.55
1717,6086.95
1718,5717.55
1719,5448.11
1720,4699.55
1721,4612.65
1722,4964.55
1723,6218.91
1724,6173.23
1725,6065.46
1726,5930.53
1727,5914.75
1728,5344.89
1729,5160.86
1730,6863.7
1731,7553.05
1732,7827.82
1733,7468.31
1734,7070.45
1735,6457.28
1736,5680.08
1737,5509.86
1738,7172.1
1739,7864.51
1740,8072.15
1741,7720.1
1742,7257.04
1743,6614.33
1744,5837.7
1745,5628.56
1746,7251.62
1747,7992.9
1748,8112.51
1749,7770.27
1750,7348.43
1751,6538.66
1752,5796.75
1753,5607.15
1754,7187.66
1755,7827.99
1756,7938.34
1757,7616.84
1758,7149.45
1759,6632.98
1760,5834.85
1761,5588.59
1762,7131.3
1763,7844.89
1764,7883.19
1765,7563.22
1766,6986.08
1767,6352.76
1768,5332.56
1769,5250.89
1770,5723.58
1771,6888.96
1772,6831.3
1773,6554.83
1774,6130.81
1775,5729.7
1776,5003.51
1777,4910.15
1778,5311.36
1779,6601.2
1780,6503.37
1781,6412.3
1782,6321.3
1783,6382.79
1784,5746.02
1785,5575.12
1786,7392.23
1787,8099.06
1788,8225.87
1789,7890.68
1790,7480.44
1791,6674.09
1792,5967.63
1793,5764.63
1794,7439.23
1795,8096.62
1796,8174.97
1797,7812.98
1798,7400.47
1799,6756.82
1800,5945.06
1801,5787.03
1802,7456.57
1803,7956.69
1804,8047.94
1805,7731.56
1806,7314.95
1807,6758.55
1808,5990.08
1809,5780.74
1810,7411.66
1811,7946.77
1812,8048.47
1813,7733.79
1814,7331.6
1815,6673.43
1816,5971.22
1817,5736.05
1818,7422.51
1819,8027.29
1820,7974.12
1821,7573.36
1822,7024.78
1823,6291.58
1824,5327.27
1825,5232.7
1826,5776.65
1827,6729.86
1828,6626.01
1829,6412.1
1830,6128.8
1831,5781.54
1832,5049.74
1833,4962.86
1834,5338.39
1835,6581.97
1836,6592.4
1837,6561.8
1838,6475.41
1839,6438.22
1840,5897.88
1841,5671.84
1842,7554.97
1843,8195.4
1844,8359.83
1845,8015.74
1846,7613.39
1847,6911.12
1848,6179.58
1849,5987.99
1850,7763.54
1851,8300.29
1852,8446.7
1853,8131.58
1854,7898.38
1855,6953.93
1856,6096.5
1857,5904.53
1858,7657.12
1859,8206.4
1860,8232.37
1861,7846.3
1862,7417.63
1863,6800.2
1864,5991.11
1865,5829.86
1866,7547.33
1867,8009.4
1868,8137.11
1869,7800.52
1870,7416.03
1871,6804.68
1872,6002.51
1873,5761.87
1874,7464.32
1875,8024.01
1876,8064.46
1877,7756.4
1878,7125.05
1879,6363.49
1880,5425.15
1881,5356.2
1882,5876.34
1883,6913.09
1884,6810.46
1885,6639.98
1886,6232.54
1887,5919.84
1888,5140.34
1889,5022.85
1890,5373.16
1891,6656.1
1892,6702.93
1893,6593.48
1894,6561.55
1895,6468.14
1896,5920.03
1897,5747.04
1898,7640.54
1899,8271.75
1900,8608.91
1901,8258.94
1902,7890.57
1903,7018.83
1904,6219.15
1905,6045.94
1906,7835.07
1907,8496.82
1908,8633.16
1909,8306.62
1910,7872.93
1911,7176.41
1912,6337.36
1913,6101.09
1914,7807.49
1915,8499.43
1916,8699.91
1917,8356.8
1918,7965.89
1919,7133.76
1920,6308.43
1921,6090.96
1922,7837.66
1923,8540.55
1924,8747.87
1925,8329.35
1926,7495.37
1927,7047.87
1928,6260.7
1929,6060.16
1930,7716.04
1931,8409.72
1932,8479.28
1933,8107.59
1934,7458.68
1935,6504.96
1936,5598.11
1937,5372.41
1938,5947.78
1939,7154.0
1940,7094.88
1941,6840.89
1942,6398.42
1943,6036.16
1944,5246.57
1945,5094.89
1946,5530.22
1947,6898.03
1948,6888.83
1949,6704.95
1950,6745.42
1951,6437.48
1952,5960.71
1953,5808.26
1954,7868.09
1955,8283.98
1956,8415.43
1957,7989.91
1958,7704.97
1959,6716.84
1960,6034.76
1961,5895.92
1962,7808.47
1963,8093.33
1964,8114.55
1965,7902.77
1966,7677.03
1967,6839.06
1968,6091.56
1969,5939.36
1970,7836.28
1971,8074.06
1972,8271.21
1973,7964.2
1974,7685.39
1975,6883.43
1976,6066.39
1977,5916.0
1978,7784.64
1979,8157.24
1980,8250.15
1981,8003.06
1982,7736.53
1983,6757.44
1984,6056.63
1985,5879.91
1986,7851.88
1987,8092.13
1988,7991.83
1989,7695.15
1990,7457.54
1991,6386.54
1992,5484.69
1993,5396.68
1994,5929.55
1995,7085.07
1996,6897.7
1997,6661.67
1998,6472.2
1999,5848.68
2000,5088.32
2001,5046.93
2002,5520.72
2003,6776.76
2004,6618.68
2005,6526.77
2006,6811.56
2007,6306.87
2008,5879.74
2009,5747.77
2010,7920.92
2011,8322.7
2012,8383.81
2013,8117.2
2014,8062.5
2015,6875.42
2016,6147.43
2017,6049.9
2018,8032.6
2019,8241.91
2020,8174.84
2021,7919.56
2022,7951.66
2023,6931.37
2024,6201.13
2025,6039.7
2026,8056.17
2027,8263.32
2028,8268.48
2029,8028.51
2030,8013.28
2031,7019.4
2032,6292.34
2033,6071.25
2034,8035.97
2035,8240.18
2036,8293.18
2037,8041.15
2038,7902.3
2039,6939.8
2040,6256.93
2041,6028.94
2042,7932.51
2043,8174.19
2044,8138.74
2045,7866.32
2046,7636.21
2047,6435.34
2048,5510.93
2049,5465.73
2050,6080.4
2051,7059.61
2052,6778.11
2053,6520.63
2054,6516.89
2055,5904.72
2056,5156.35
2057,5207.35
2058,5618.59
2059,6749.64
2060,6593.97
2061,6509.85
2062,6845.41
2063,6435.92
2064,5995.61
2065,5870.57
2066,7875.65
2067,8195.93
2068,8302.14
2069,8138.67
2070,8260.64
2071,6980.31
2072,6278.69
2073,6149.17
2074,8192.56
2075,8343.78
2076,8293.45
2077,8059.04
2078,8236.56
2079,7036.93
2080,6323.84
2081,6138.84
2082,8096.32
2083,8230.34
2084,8249.57
2085,8038.22
2086,8259.02
2087,7144.63
2088,6417.68
2089,6276.92
2090,8322.85
2091,8345.59
2092,8397.24
2093,8152.43
2094,8407.03
2095,7185.75
2096,6481.6
2097,6363.44
2098,8357.21
2099,8427.72
2100,8206.33
2101,7987.61
2102,8071.1
2103,6844.81
2104,5861.48
2105,5886.19
2106,6552.01
2107,7243.04
2108,6892.71
2109,6658.84
2110,6911.38
2111,6244.35
2112,5374.06
2113,5395.6
2114,5876.02
2115,6874.58
2116,6647.78
2117,6570.37
2118,7230.64
2119,6637.18
2120,6219.95
2121,6126.37
2122,8244.63
2123,8372.57
2124,8405.65
2125,8227.14
2126,8514.79
2127,7199.03
2128,6463.11
2129,6258.59
2130,8320.66
2131,8471.63
2132,8426.58
2133,8148.48
2134,8413.25
2135,7042.06
2136,6392.1
2137,6214.67
2138,8286.34
2139,8536.74
2140,8576.81
2141,8265.21
2142,8436.99
2143,7145.64
2144,6430.83
2145,6233.68
2146,8221.68
2147,8345.68
2148,8378.09
2149,8118.11
2150,8385.4
2151,7138.07
2152,6380.55
2153,6172.8
2154,8187.01
2155,8374.28
2156,8313.56
2157,8081.41
2158,8082.85
2159,6630.04
2160,5638.28
2161,5556.09
2162,6116.72
2163,7065.68
2164,6861.55
2165,6567.08
2166,6851.93
2167,6007.78
2168,5284.01
2169,5300.22
2170,5750.27
2171,6882.9
2172,6695.31
2173,6530.51
2174,7246.42
2175,6546.88
2176,6071.24
2177,5946.68
2178,8093.11
2179,8294.21
2180,8214.94
2181,8132.81
2182,8334.51
2183,7006.9
2184,6344.02
2185,6193.78
2186,8289.97
2187,8239.96
2188,8215.22
2189,8140.98
2190,8407.41
2191,7098.41
2192,6391.92
2193,6229.27
2194,8358.57
2195,8587.68
2196,8684.25
2197,8632.63
2198,8681.86
2199,7337.15
2200,6553.05
2201,6463.64
2202,8665.15
2203,8744.77
2204,8767.67
2205,8566.94
2206,8740.52
2207,7342.08
2208,6625.1
2209,6470.57
2210,8620.62
2211,8739.34
2212,8555.2
2213,8352.08
2214,8412.99
2215,6875.89
2216,5880.85
2217,5882.05
2218,6677.68
2219,7791.11
2220,7616.82
2221,7444.91
2222,7360.77
2223,6446.77
2224,5561.05
2225,5627.57
2226,6178.45
2227,7373.49
2228,7102.12
2229,7065.22
2230,7718.28
2231,6996.24
2232,6526.77
2233,6481.5
2234,8792.85
2235,8812.62
2236,8819.35
2237,8498.28
2238,9021.48
2239,7524.59
2240,6895.26
2241,6807.24
2242,8851.99
2243,9186.86
2244,9166.23
2245,9045.67
2246,8831.63
2247,7414.46
2248,6792.36
2249,6689.66
2250,8847.21
2251,8881.61
2252,8882.96
2253,8733.78
2254,8746.7
2255,7346.94
2256,6731.39
2257,6635.98
2258,8642.48
2259,8878.76
2260,8934.84
2261,8717.72
2262,8919.51
2263,7491.25
2264,6765.65
2265,6620.59
2266,8798.51
2267,8626.81
2268,8401.06
2269,8213.76
2270,8324.03
2271,6833.84
2272,5791.05
2273,5860.69
2274,6615.16
2275,7397.45
2276,7052.59
2277,6693.83
2278,7007.44
2279,6132.83
2280,5342.77
2281,5380.07
2282,5863.07
2283,6941.03
2284,6691.57
2285,6543.64
2286,7314.81
2287,6561.46
2288,6180.67
2289,6081.34
2290,8387.46
2291,8370.58
2292,8402.0
2293,8152.85
2294,8527.66
2295,7016.39
2296,6311.58
2297,6203.68
2298,8477.49
2299,8482.19
2300,8393.01
2301,8128.81
2302,8478.51
2303,7055.79
2304,6367.98
2305,6300.93
2306,8553.66
2307,8761.51
2308,8646.46
2309,8337.96
2310,8665.31
2311,7276.77
2312,6507.21
2313,6428.23
2314,8626.4
2315,8477.52
2316,8381.02
2317,8136.79
2318,8605.4
2319,7165.49
2320,6437.06
2321,6332.14
2322,8480.51
2323,8575.53
2324,8386.63
2325,8162.59
2326,8292.71
2327,6828.61
2328,5800.05
2329,5863.71
2330,6607.57
2331,7552.29
2332,7205.87
2333,7008.45
2334,7243.44
2335,6305.54
2336,5415.3
2337,5462.74
2338,5988.09
2339,7176.45
2340,6935.25
2341,6728.09
2342,7381.97
2343,6595.02
2344,6202.68
2345,6158.04
2346,8515.05
2347,8525.56
2348,8432.64
2349,8209.37
2350,8590.46
2351,7173.94
2352,6552.66
2353,6424.75
2354,8735.56
2355,8670.67
2356,8582.9
2357,8366.76
2358,8697.84
2359,7275.88
2360,6541.32
2361,6390.1
2362,8685.08
2363,8655.02
2364,8604.66
2365,8414.52
2366,8697.23
2367,7217.78
2368,6510.07
2369,6335.37
2370,8648.82
2371,8563.4
2372,8465.82
2373,8245.3
2374,8581.19
2375,7215.89
2376,6508.64
2377,6389.8
2378,8634.94
2379,8550.26
2380,8356.5
2381,8130.2
2382,8279.54
2383,6832.81
2384,5842.53
2385,5871.92
2386,6693.35
2387,7389.25
2388,6988.33
2389,6737.33
2390,7154.91
2391,6228.67
2392,5454.04
2393,5455.75
2394,5864.18
2395,6744.05
2396,6590.53
2397,6605.96
2398,7136.82
2399,6352.06
2400,5552.75
2401,5531.01
2402,6039.09
2403,6970.1
2404,7102.64
2405,6948.94
2406,7507.54
2407,6860.79
2408,6330.1
2409,6247.78
2410,8198.06
2411,9049.43
2412,8881.32
2413,8774.25
2414,8973.6
2415,8106.99
2416,6804.89
2417,6667.74
2418,8506.64
2419,8945.03
2420,9041.29
2421,8842.28
2422,9236.48
2423,8303.91
2424,7010.12
2425,6875.51
2426,8865.41
2427,9433.59
2428,9264.64
2429,9042.35
2430,9250.79
2431,8453.3
2432,7172.07
2433,7010.59
2434,8856.25
2435,9427.88
2436,9134.33
2437,8978.04
2438,8885.64
2439,7818.95
2440,6316.56
2441,6260.08
2442,6712.36
2443,7848.69
2444,8020.63
2445,7722.4
2446,7675.06
2447,6819.99
2448,5806.36
2449,5765.85
2450,5997.04
2451,7210.86
2452,7506.85
2453,7344.21
2454,7570.01
2455,6929.18
2456,6347.05
2457,6226.13
2458,8221.81
2459,9015.09
2460,9017.27
2461,8781.66
2462,8875.13
2463,7896.5
2464,6620.38
2465,6447.36
2466,8443.76
2467,9126.94
2468,9172.22
2469,9058.95
2470,8978.37
2471,8053.08
2472,6820.88
2473,6622.96
2474,8477.94
2475,9015.82
2476,8934.69
2477,8877.86
2478,8954.77
2479,8003.16
2480,6826.21
2481,6654.97
2482,8533.65
2483,9055.32
2484,8931.62
2485,8825.13
2486,8979.76
2487,8046.49
2488,6779.47
2489,6570.53
2490,8453.95
2491,9125.09
2492,9080.98
2493,8883.68
2494,8701.26
2495,7604.9
2496,6236.24
2497,6149.54
2498,6601.5
2499,7796.73
2500,8099.86
2501,7841.28
2502,7642.89
2503,6928.57
2504,6050.51
2505,6080.35
2506,6361.79
2507,7573.88
2508,7771.37
2509,7796.99
2510,7973.13
2511,7398.44
2512,6808.07
2513,6720.22
2514,8813.96
2515,9574.97
2516,9639.49
2517,9632.74
2518,9342.57
2519,8363.75
2520,7119.7
2521,6911.67
2522,8849.79
2523,9616.75
2524,9668.7
2525,9721.25
2526,9327.42
2527,8447.06
2528,7117.31
2529,6976.96
2530,8836.72
2531,9692.02
2532,9666.89
2533,9697.07
2534,9361.74
2535,8430.25
2536,7139.4
2537,7065.66
2538,8954.53
2539,9549.58
2540,9311.3
2541,9381.95
2542,9399.43
2543,8434.54
2544,7129.89
2545,6961.9
2546,8770.55
2547,9318.94
2548,9200.82
2549,9137.92
2550,8787.7
2551,7704.62
2552,6344.41
2553,6271.95
2554,6639.72
2555,7595.9
2556,7749.85
2557,7531.51
2558,7658.89
2559,6817.75
2560,5926.02
2561,5847.09
2562,6004.89
2563,7084.95
2564,7352.57
2565,7178.26
2566,7600.45
2567,6939.0
2568,6336.99
2569,6186.79
2570,8179.12
2571,9096.55
2572,9285.83
2573,9081.79
2574,9081.31
2575,8136.78
2576,6996.93
2577,6849.88
2578,8863.48
2579,9342.43
2580,9258.0
2581,9169.88
2582,9112.69
2583,8207.62
2584,6976.47
2585,6780.8
2586,8703.29
2587,9355.21
2588,9293.82
2589,9340.89
2590,9194.84
2591,8172.1
2592,6970.81
2593,6748.56
2594,8556.25
2595,9274.97
2596,9374.61
2597,9322.66
2598,9026.8
2599,8103.92
2600,6870.26
2601,6674.44
2602,8507.91
2603,9235.86
2604,9210.5
2605,9135.38
2606,8819.38
2607,7701.26
2608,6325.89
2609,6260.16
2610,6721.68
2611,7685.78333333
2612,8073.46
2613,7845.25
2614,7718.01
2615,6959.11
2616,5956.56
2617,5944.92
2618,6184.27
2619,7356.53
2620,7678.91
2621,7668.25
2622,7750.44
2623,7157.37
2624,6620.98
2625,6547.43
2626,8497.8
2627,9267.07
2628,9346.95
2629,9377.04
2630,9150.64
2631,8155.68
2632,6920.55
2633,6741.04
2634,8797.38
2635,9581.72
2636,9673.06
2637,9629.82
2638,9280.71
2639,8334.09
2640,7038.29
2641,6807.16
2642,8523.82
2643,9565.15
2644,9689.54
2645,9724.3
2646,9319.66
2647,8352.69
2648,7092.02
2649,6886.04
2650,8874.29
2651,9469.9
2652,9420.75
2653,9315.72
2654,9180.22
2655,8254.58
2656,7016.36
2657,6783.48
2658,8644.84
2659,9362.16
2660,9431.61
2661,9289.99
2662,8834.47
2663,7937.0
2664,6509.96
2665,6540.23
2666,7007.1
2667,8046.78
2668,8090.74
2669,8017.07
2670,7918.93
2671,7322.63
2672,6367.32
2673,6391.09
2674,6700.32
2675,7770.08
2676,7956.38
2677,8070.65
2678,8222.88
2679,7689.32
2680,7007.04
2681,6949.12
2682,9034.03
2683,9912.14
2684,9993.57
2685,9921.78
2686,9542.94
2687,8648.27
2688,7358.78
2689,7245.65
2690,9202.04
2691,9885.41
2692,9782.08
2693,9886.07
2694,9803.73
2695,8902.25
2696,7590.98
2697,7496.62
2698,9456.96
2699,9999.64
2700,9760.33
2701,9770.32
2702,9763.14
2703,8905.37
2704,7627.28
2705,7548.66
2706,9491.38
2707,10292.18
2708,10334.84
2709,10397.52
2710,9907.01
2711,9073.37
2712,7735.79
2713,7683.32
2714,9530.64
2715,10347.53
2716,10130.37
2717,9988.14
2718,9648.52
2719,8731.82
2720,7273.06
2721,7193.21
2722,7613.89
2723,8616.0
2724,8728.46
2725,8656.82
2726,8333.86
2727,7581.37
2728,6530.32
2729,6524.04
2730,6717.83
2731,7820.07
2732,8065.59
2733,8141.6
2734,8245.07
2735,7670.29
2736,6934.84
2737,6925.17
2738,8870.91
2739,9707.93
2740,9687.36
2741,9733.7
2742,9409.29
2743,8553.72
2744,7237.21
2745,7129.83
2746,9122.49
2747,9618.11
2748,9573.4
2749,9691.86
2750,9776.71
2751,8921.48
2752,7674.94
2753,7601.22
2754,9582.91
2755,10147.3
2756,9817.06
2757,9969.9
2758,9889.09
2759,9074.54
2760,7826.49
2761,7660.06
2762,9510.52
2763,10293.21
2764,10253.03
2765,10363.27
2766,9925.58
2767,9029.81
2768,7703.28
2769,7632.21
2770,9433.64
2771,10131.8
2772,10142.19
2773,10112.77
2774,9452.36
2775,8458.7
2776,6988.02
2777,6957.29
2778,7358.57
2779,8372.14
2780,8666.11
2781,8580.2
2782,8317.62
2783,7538.91
2784,6544.25
2785,6484.55
2786,6666.43
2787,7854.51
2788,8083.81
2789,8125.6
2790,8168.96
2791,7597.69
2792,6880.43
2793,6852.74
2794,8807.12
2795,9429.95
2796,9408.2
2797,9431.3
2798,9245.25
2799,8415.08
2800,7101.3
2801,6965.03
2802,8917.28
2803,9527.58
2804,9339.56
2805,9421.62
2806,9159.15
2807,8323.17
2808,7058.48
2809,6866.05
2810,8666.11
2811,9301.29
2812,9078.37
2813,9038.26
2814,8884.0
2815,8138.38
2816,6870.48
2817,6731.58
2818,8393.32
2819,9068.42
2820,8971.55
2821,8929.76
2822,8598.91
2823,7779.34
2824,6573.85
2825,6333.85
2826,7690.47
2827,8210.02
2828,7883.0
2829,7994.19
2830,7718.2
2831,7040.05
2832,5789.05
2833,5653.77
2834,6031.57
2835,7116.99
2836,7553.47
2837,7577.6
2838,7332.01
2839,6603.9
2840,5588.01
2841,5554.0
2842,5843.6
2843,6913.85
2844,7239.42
2845,7402.23
2846,7248.18
2847,6525.17
2848,5634.07
2849,5450.66
2850,6016.51
2851,7065.8
2852,7441.67
2853,7570.35
2854,7233.36
2855,6598.45
2856,5331.28
2857,5199.16
2858,5401.37
2859,6173.51
2860,6203.62
2861,6559.23
2862,6104.98
2863,5604.65
2864,5087.48
2865,4949.41
2866,5148.86
2867,6022.91
2868,6161.86
2869,6246.49
2870,6279.51
2871,5903.86
2872,5130.42
2873,5131.07
2874,5407.43
2875,6353.89
2876,6507.9
2877,6523.45
2878,6533.03
2879,6149.49
2880,5448.85
2881,5261.9
2882,5882.38
2883,6951.74
2884,7329.46
2885,7436.13
2886,7183.41
2887,6711.12
2888,5618.75
2889,5598.25
2890,6030.38
2891,6948.61
2892,7421.31
2893,7482.36
2894,7338.69
2895,6697.08
2896,5736.0
2897,5792.84
2898,6042.8
2899,6964.03
2900,7369.76
2901,7333.97
2902,7475.57
2903,6888.2
2904,6123.94
2905,5953.2
2906,6446.23
2907,7375.34
2908,7662.53
2909,7708.1
2910,7660.93
2911,7085.32
2912,6009.63
2913,5828.26
2914,6204.05
2915,7029.73
2916,7342.83
2917,7267.22
2918,6821.12
2919,6191.86
