name,v_nom,x,y,wkt_srid_4326,voltage,ref,typ,osm_name,operator,frequency
1,220.0,9.52257596986,52.3604090558,SRID=4326;POINT(9.52257596986262 52.3604090557601),220000;110000,,substation,Hannover/West,TenneT;EON_Netz,50
2,380.0,9.11321007473,52.5438533224,SRID=4326;POINT(9.11321007472722 52.5438533223737),220000,,substation,Umspannwerk Kraftwerk Robert Frank,TenneT,50
3,380.0,9.38974509625,52.026313066,SRID=4326;POINT(9.38974509624863 52.0263130660355),380000;110000,,substation,UW Grohnde 380 kV / 110 kV,TenneT,50
4,380.0,9.12526570295,52.5382640871,SRID=4326;POINT(9.12526570294975 52.5382640870749),380000;220000,,substation,Landesbergen,TenneT TSO GmbH,50
5,380.0,10.3662749375,52.2846467462,SRID=4326;POINT(10.3662749375017 52.2846467462009),380000;220000,,substation,Wahle,TenneT,50
6,220.0,9.91814864614,52.3799963126,SRID=4326;POINT(9.91814864613865 52.3799963125719),220000;110000,,substation,TenneT TSO GmbH - Betriebszentrum Lehrte,TenneT_TSO,50
7,380.0,9.91717971972,52.2781686139,SRID=4326;POINT(9.91717971972185 52.2781686139394),380000;110000,,substation,Algermissen,TenneT,50
8,380.0,10.4149923382,53.412606883,SRID=4326;POINT(10.4149923381504 53.4126068830249),380000;110000,,substation,Krümmel,50Hertz,
9,380.0,10.3787705904,53.2197927686,SRID=4326;POINT(10.3787705903765 53.2197927685849),380000;110000,LUEN,substation,Lüneburg,EON_Netz,50
10,380.0,12.9416466019,52.5621144046,SRID=4326;POINT(12.9416466019288 52.5621144045848),380000;220000;110000,Wu,substation,Wustermark,50Hertz Transmission GmbH;E.ON edis AG,
11,220.0,13.2061029868,52.6571362773,SRID=4326;POINT(13.2061029867985 52.6571362773373),220000,,substation,Hennigsdorf,50Hertz Transmission,50
12,380.0,13.7096697058,52.5397952581,SRID=4326;POINT(13.7096697058228 52.5397952580643),380000;220000;110000,NHG TCC,substation,Neuenhagen,50Hertz Transmission GmbH,50
13,380.0,11.3704262487,48.291492233,SRID=4326;POINT(11.3704262486892 48.2914922329548),380000;220000;110000,OBA,substation,Umspannwerk Oberbachern,TenneT TSO GmbH;E.ON Netz GmbH,
14,220.0,11.8132328973,48.2212664655,SRID=4326;POINT(11.8132328973194 48.2212664654998),220000;110000,NFI,substation,Umspannwerk Neufinsing,"TenneT TSO GmbH, E.ON Netz GmbH",
15,380.0,11.8681562939,48.2068029185,SRID=4326;POINT(11.8681562938884 48.2068029185353),380000;220000,OH,substation,Umspannwerk Ottenhofen,TenneT TSO GmbH,50
16,380.0,10.7610403786,52.3677293804,SRID=4326;POINT(10.7610403785613 52.3677293804096),380000,,substation,Umspannwerk Hattorf,EON_Netz,50
17,380.0,13.4947633747,52.5897644436,SRID=4326;POINT(13.4947633747219 52.5897644435618),380000;110000,MOW,substation,Umspannwerk Malchow,50Hertz;Stromnetz Berlin,50
18,380.0,13.6834769667,54.1390906407,SRID=4326;POINT(13.6834769666546 54.1390906406635),380000;220000,,substation,Umspannwerk Lubmin,50Hertz,
19,220.0,11.2939727001,48.052042772,SRID=4326;POINT(11.2939727001158 48.0520427719624),220000;110000,OBR,substation,Umspannwerk Oberbrunn,"TenneT TSO GmbH, E.ON Netz GmbH",
20,380.0,9.98460982001,53.741128776,SRID=4326;POINT(9.98460982000897 53.7411287759659),380000;220000;110000,,substation,Umspannwerk Hamburg-Nord,50Hertz Transmission,50
21,380.0,10.1575015165,53.5551316686,SRID=4326;POINT(10.1575015165126 53.5551316685834),380000;110000,,substation,Umspannwerk Hamburg/Ost,50Hertz Transmission;Stromnetz Hamburg GmbH,50
22,380.0,9.20210420095,53.89515741,SRID=4326;POINT(9.20210420095253 53.8951574100045),380000;220000;110000,,substation,Umspannwerk Kernkraftwerk Brunsbüttel,50Hertz Transmission,50
23,220.0,9.98853660866,53.7662776686,SRID=4326;POINT(9.98853660865951 53.766277668594),220000;110000,,substation,Hamburg Nord,TenneT;Schleswig-Holstein Netz AG,50
24,380.0,9.72699196993,54.2914209868,SRID=4326;POINT(9.72699196993402 54.2914209867842),220000;110000,,substation,Audorf,TenneT;Schleswig-Holstein Netz AG,50
25,380.0,9.34476098807,53.9218370583,SRID=4326;POINT(9.34476098807139 53.9218370583068),380000,,substation,Umspannwerk Wilster,TenneT,50
26,380.0,9.34400177216,53.8517774635,SRID=4326;POINT(9.34400177215961 53.8517774635399),380000;220000,,substation,Brokdorf,,
27,220.0,9.52960512907,53.6189906942,SRID=4326;POINT(9.52960512906833 53.6189906941937),220000;110000,,substation,Stade,,50
28,220.0,9.77654483875,53.6906352606,SRID=4326;POINT(9.77654483874895 53.6906352606291),220000;110000,,substation,Kummerfeld,TenneT,50
29,380.0,10.3821666628,52.9932540373,SRID=4326;POINT(10.3821666628198 52.9932540372914),380000,,substation,Stadorf,TenneT,50
30,380.0,9.50178966782,53.5428143723,SRID=4326;POINT(9.5017896678173 53.5428143723363),380000;220000;110000,,substation,Dollern,,50
31,380.0,9.7461508164,50.9168399491,SRID=4326;POINT(9.74615081640288 50.9168399490798),380000;110000,,substation,Mecklar,EON_Netz,50
32,380.0,11.1228545605,50.998909067,SRID=4326;POINT(11.1228545605428 50.9989090670144),380000;220000;110000,,substation,Umspannwerk Vieselbach,50Hertz Transmission GmbH,50
33,380.0,10.3859411644,51.0018133015,SRID=4326;POINT(10.3859411643633 51.0018133014781),380000;110000,,substation,Eisenach,50Hertz,50
34,220.0,8.12264230305,53.560516049,SRID=4326;POINT(8.12264230304551 53.5605160490331),380000;220000,MAAD,substation,Umspannwerk Maade,TenneT,50
35,220.0,8.08565059716,53.6058341926,SRID=4326;POINT(8.08565059715704 53.605834192587),220000;110000,VOSL,substation,Voslapp,TenneT;EON_Netz,50
36,220.0,8.06005695814,53.6202025751,SRID=4326;POINT(8.06005695814032 53.6202025750861),220000;155000,INHA,substation,Inhausen,TenneT,50
37,380.0,11.6389127631,52.2687346818,SRID=4326;POINT(11.6389127631156 52.2687346818467),380000;220000,,substation,Umspannwerk Wolmirstedt,50Hertz Transmission GmbH,
38,380.0,13.2115276454,52.5806278102,SRID=4326;POINT(13.2115276454389 52.5806278102291),380000;110000,,substation,Umspannwerk Teufelsbruch,Vattenfall_Europe_Transmission,50
39,380.0,11.7273534151,52.5689469939,SRID=4326;POINT(11.7273534150745 52.5689469938591),380000;110000,StW,substation,Stendal/West,50Hertz Transmission GmbH,50
40,380.0,13.1433929103,53.9081469774,SRID=4326;POINT(13.1433929102518 53.9081469774219),380000;110000,,substation,Siedenbrünzow,50Hertz Transmission GmbH,50
41,380.0,11.853105708,53.086544475,SRID=4326;POINT(11.8531057080136 53.0865444750041),380000;110000,,substation,Umspannwerk Perleberg,50Hertz;EON_Avacon,
42,380.0,12.1869848227,53.8157751724,SRID=4326;POINT(12.1869848227216 53.8157751724384),380000;220000,,substation,Güstrow,50Hertz,50
43,220.0,12.499365967,52.4052284252,SRID=4326;POINT(12.4993659669539 52.4052284251973),220000;110000,,substation,Brandenburg-West,50Hertz Transmission GmbH,
44,220.0,13.5061534469,52.4738223092,SRID=4326;POINT(13.5061534469385 52.473822309174),220000;110000,,substation,Umspannwerk Wuhlheide,50Hertz;Vattenfall Europe AG,50
45,220.0,13.305753295,52.2307818452,SRID=4326;POINT(13.3057532949594 52.2307818451873),380000;220000;110000,,substation,Thyrow,50Hertz Transmission GmbH,50
46,380.0,13.524198731,52.5356342713,SRID=4326;POINT(13.5241987309997 52.5356342713481),380000;220000;110000,MZA9,substation,Umspannwerk Marzahn,50Hertz,50
47,380.0,13.4564306928,52.5214517452,SRID=4326;POINT(13.4564306927748 52.5214517451981),380000;110000,,substation,Umspannwerk Friedrichshain,Vattenfall Europe AG;50Hertz,50
48,380.0,13.5370442127,52.5374565238,SRID=4326;POINT(13.5370442127043 52.5374565238016),110000,BIN,substation,Umspannwerk Biesdorf Nord,Stromnetz Berlin,50
49,380.0,10.9993330124,52.2001419746,SRID=4326;POINT(10.99933301239 52.2001419745622),380000;110000,,substation,Umspannwerk Helmstedt,TenneT TSO GmbH,
50,380.0,10.9772332275,52.1694333177,SRID=4326;POINT(10.9772332275028 52.1694333176707),,,plant,Kraftwerk Buschhaus,E.ON Kraftwerke GmbH,
51,380.0,9.25938382025,51.0603668474,SRID=4326;POINT(9.25938382024592 51.0603668474477),380000;110000,,substation,Umspannwerk Borken,TenneT,50
52,380.0,8.31334016593,49.0090434644,SRID=4326;POINT(8.3133401659254 49.0090434643525),380000;220000;110000,,substation,Karlsruhe-Daxlanden,EnBW,50
53,380.0,7.7534954654,48.0993557006,SRID=4326;POINT(7.75349546540486 48.0993557006259),380000;220000;110000,,substation,380-kV-Umspannwerk Eichstetten,EnBW,50
54,380.0,8.43846751212,49.2524597289,SRID=4326;POINT(8.43846751211921 49.2524597288652),,,plant,Kernkraftwerk Philippsburg,EnBW Kernkraft GmbH,
55,220.0,8.51211132936,49.2939656496,SRID=4326;POINT(8.51211132935593 49.293965649573),220000;110000,,substation,Umspannwerk Altlußheim,EnBW,50
56,380.0,8.62320967452,49.3565822493,SRID=4326;POINT(8.62320967451897 49.3565822492832),380000;220000,,substation,Umspannwerk Neurott,EnBW,50
57,220.0,8.44554248929,48.9860881754,SRID=4326;POINT(8.44554248929306 48.9860881753906),220000;110000,,substation,Umspannwerk Oberwald,,50
58,220.0,8.64158406338,48.8900524832,SRID=4326;POINT(8.64158406338239 48.8900524832355),220000;110000,,substation,220 kV-Umspannwerk Birkenfeld,EnBW,50
59,380.0,8.56374399744,53.0317215836,SRID=4326;POINT(8.56374399744213 53.0317215835514),380000;110000,GANK,substation,Ganderkesee,TenneT;EON_Netz;EWE,50
60,380.0,8.47470704899,53.4286511943,SRID=4326;POINT(8.47470704898602 53.4286511943138),380000;220000;110000,UWES,substation,Unterweser,EON_Netz,50
61,380.0,8.51888180952,53.2026352837,SRID=4326;POINT(8.51888180951659 53.2026352836834),110000,FARG,substation,Umspannwerk Farge,Avacon AG,50
62,220.0,8.82002487242,53.1073882919,SRID=4326;POINT(8.82002487241632 53.1073882918815),220000;110000,,substation,Umspannwerk Blockland,swb Netze GmbH & Co. KG,50
63,220.0,8.12076909802,48.704835426,SRID=4326;POINT(8.12076909802284 48.7048354259965),220000;110000,,substation,Bühl,EnBW,50
64,380.0,11.4407746483,48.1718035473,SRID=4326;POINT(11.4407746483177 48.1718035473026),380000;110000,MZ,substation,Hauptumspannwerk Menzing,Stadtwerke München,
65,380.0,13.3264049985,50.3463721851,SRID=4326;POINT(13.3264049984725 50.3463721850552),400000;220000,,substation,Hradec,ČEPS,
66,380.0,12.1147644054,49.6311550522,SRID=4326;POINT(12.1147644054101 49.6311550521523),380000;220000;110000,ETZ,substation,Umspannwerk Etzenricht,Tennet;EON_Netz,50
67,380.0,8.69516075602,53.0925360848,SRID=4326;POINT(8.69516075602312 53.0925360847799),380000;110000,NVLD,substation,Niedervieland,Wesernetz,50
68,380.0,8.77244296019,49.9746686651,SRID=4326;POINT(8.77244296019056 49.974668665137),380000;220000;110000,,substation,Umspannwerk Urberach,RWE,
69,380.0,8.41937105938,49.6337356824,SRID=4326;POINT(8.41937105938048 49.6337356823792),380000;220000,,substation,Station Bürstadt,RWE,50
70,380.0,8.38855636788,49.9823050841,SRID=4326;POINT(8.38855636787547 49.9823050841271),380000;110000,,substation,Umspannstation Bischofsheim,RWE; Kraftwerke Mainz-Wiesbaden,
71,380.0,12.2621734868,51.7410202756,SRID=4326;POINT(12.2621734868101 51.7410202755519),380000;110000,,substation,Umspannwerk Marke,50Hertz,50
72,380.0,11.8942661378,51.4057031412,SRID=4326;POINT(11.8942661378135 51.4057031412478),380000;110000,,substation,Umspannwerk Lauchstädt,50Hertz;enviaM,50
73,380.0,13.1570904872,51.8284516615,SRID=4326;POINT(13.1570904871893 51.8284516615019),380000,,substation,Umspannwerk Schönewalde,50Hertz,50
74,380.0,13.9024346887,51.874723519,SRID=4326;POINT(13.9024346886892 51.8747235190459),380000;110000,RAG,substation,Umspannwerk Ragow,50Hertz,50
75,380.0,11.5165549672,51.5843592099,SRID=4326;POINT(11.5165549672107 51.5843592098734),380000;110000,,substation,Umspannwerk Klostermansfeld,50Hertz,50
76,380.0,8.70221844883,51.7363525828,SRID=4326;POINT(8.70221844882815 51.7363525828065),380000;110000,,substation,Umspannwerk Elsen,TenneT,
77,380.0,8.99279240395,51.3430093979,SRID=4326;POINT(8.99279240395088 51.343009397907),380000;110000,,substation,Umspannwerk Twistetal,Eon_Netz,50
78,380.0,11.6463786274,50.534876971,SRID=4326;POINT(11.6463786274424 50.534876971042),380000;220000;110000,RDF;RE,substation,Umspannwerk Remptendorf,50Hertz Transmission GmbH,50
79,380.0,14.4719654743,51.5538127186,SRID=4326;POINT(14.4719654742998 51.5538127185923),380000;110000,GRS,substation,Graustein,50Hertz_Transmission;enviaM,50
80,380.0,14.5081091811,51.4137103812,SRID=4326;POINT(14.5081091811329 51.4137103812427),380000,,substation,Umspannwerk Bärwalde,50Hertz,50
81,380.0,14.4281804852,51.8888641394,SRID=4326;POINT(14.4281804852225 51.8888641394403),380000;110000,PRL,substation,Umspannwerk Preilack,50Hertz,50
82,220.0,8.14191382633,53.564001168,SRID=4326;POINT(8.14191382633093 53.5640011680095),,,plant,EON Kraftwerk Wilhelmshaven,EON_Netz,
83,220.0,10.1562824576,54.275548255,SRID=4326;POINT(10.1562824575947 54.2755482549913),220000;110000,,substation,Kiel-Süd,EON_Netz;TenneT,50
84,220.0,10.1773541035,54.3395212639,SRID=4326;POINT(10.1773541034729 54.3395212638642),,,generator,Gemeinschaftskraftwerk Kiel,E.ON Kraftwerke GmbH;Stadtwerke Kiel AG,
85,380.0,7.03496796515,52.2028607381,SRID=4326;POINT(7.03496796515083 52.2028607381056),380000;220000;110000,,substation,Station Gronau,RWE,
86,380.0,7.30820430095,52.4768353863,SRID=4326;POINT(7.30820430094578 52.4768353862806),380000;220000;110000,,substation,Hanekenfähr,Amprion,50
87,380.0,7.06030699176,51.6964760131,SRID=4326;POINT(7.06030699176008 51.6964760130648),380000;220000;110000,,substation,Station Kusenhorst,RWE,50
88,220.0,6.67467532062,51.3249574728,SRID=4326;POINT(6.6746753206169 51.3249574728255),220000;110000,,substation,Station Gellep,RWE,
89,220.0,6.72376714521,51.3556543809,SRID=4326;POINT(6.72376714521247 51.3556543809247),220000;110000,,substation,Station Mündelheim,RWE,50
90,380.0,7.54571772262,51.9703244224,SRID=4326;POINT(7.54571772261949 51.9703244223875),380000;110000,,substation,Station Roxel,RWE,50
91,380.0,7.30561448538,52.4801491896,SRID=4326;POINT(7.30561448538174 52.4801491895706),,,plant,Erdgaskraftwerk Emsland,RWE AG,
92,380.0,7.30433875539,52.4824259958,SRID=4326;POINT(7.30433875539085 52.4824259958004),380000,,substation,,,
93,380.0,7.27715391323,52.7532425947,SRID=4326;POINT(7.27715391322869 52.7532425946802),380000;110000,MEPP,substation,Meppen,TenneT,50
94,380.0,8.3077568968,52.3456356448,SRID=4326;POINT(8.30775689679575 52.3456356447783),380000;220000;110000,,substation,Wehrendorf,Amprion,50
95,380.0,7.88957671235,52.2773967624,SRID=4326;POINT(7.88957671235007 52.2773967624078),380000;220000;110000,,substation,Station Westerkappeln,Amprion,50
96,380.0,7.31784994378,52.4691114903,SRID=4326;POINT(7.31784994377907 52.4691114902799),220000,,substation,Benteler Stahlwerk,,50
97,380.0,13.3352803847,49.5896898613,SRID=4326;POINT(13.3352803846608 49.5896898612644),400000;220000;110000,,substation,Rozvodna Přeštice,ČEPS,50
98,380.0,12.2147735097,54.1003234404,SRID=4326;POINT(12.2147735096776 54.1003234403618),380000,,substation,Bentwisch HGÜ,50Hertz Transmission,50
99,380.0,6.99647659179,49.3754093063,SRID=4326;POINT(6.99647659179489 49.3754093063084),380000;220000;110000,,substation,Umspannwerk Uchtelfangen,Amprion,50
100,380.0,6.47473977007,49.9224692994,SRID=4326;POINT(6.47473977006816 49.9224692993999),380000;220000;110000,,substation,Station Niederstedem,Amprion; Westnetz,50
101,380.0,11.6993926965,53.5722744893,SRID=4326;POINT(11.6993926965362 53.5722744892702),380000,,substation,Wessin,50Hertz,
102,380.0,11.3706373689,53.6009910849,SRID=4326;POINT(11.3706373688866 53.6009910848999),380000;110000,,substation,Görries,50Hertz;EON_edis,50
103,380.0,6.94821343461,51.444578943,SRID=4326;POINT(6.94821343461115 51.4445789430072),380000;110000,,substation,Station Rosenblumendelle,RWE,
104,380.0,6.9267589636,51.4992056838,SRID=4326;POINT(6.92675896360373 51.4992056838496),380000;220000,,substation,Station Büscherhof,RWE,50
105,380.0,6.68078798894,51.6462959357,SRID=4326;POINT(6.68078798893986 51.6462959356851),380000;220000;110000,,substation,Station Niederrhein,RWE,
106,380.0,7.16721460966,51.3899067582,SRID=4326;POINT(7.16721460965932 51.3899067582106),380000;220000;110000,,substation,Station Hattingen,Amprion,50
107,380.0,7.12557291067,51.4489772588,SRID=4326;POINT(7.1255729106725 51.4489772588145),380000;220000,,substation,Station Eiberg,RWE,50
108,380.0,6.99606888011,51.5141695891,SRID=4326;POINT(6.99606888010598 51.5141695891404),380000;110000,,substation,Station Karnap,,50
109,380.0,7.3131828429,51.4466113896,SRID=4326;POINT(7.31318284290137 51.4466113896128),380000,,substation,Witten,RWE,50
110,380.0,7.99288723333,51.6837077156,SRID=4326;POINT(7.99288723332679 51.6837077155955),380000,,substation,Station Uentrop,RWE,50
111,380.0,8.62480052815,51.4278883849,SRID=4326;POINT(8.62480052815036 51.4278883849265),380000;110000,,substation,Station Nehden,Amprion,50
112,380.0,7.3531118694,51.5758105021,SRID=4326;POINT(7.35311186939787 51.5758105020818),380000,,substation,Station Mengede,RWE,50
113,380.0,7.1232388295,51.5256121803,SRID=4326;POINT(7.12323882950453 51.5256121803004),380000;110000,,substation,Station Hüllen,RWE,50
114,380.0,8.21170597595,51.1779854801,SRID=4326;POINT(8.21170597594605 51.1779854801194),380000;110000,,substation,Station Arpe,Amprion,50
115,220.0,6.57648208812,51.0555954583,SRID=4326;POINT(6.57648208812114 51.0555954583116),,,generator,RWE Kraftwerk Frimmersdorf,,
116,220.0,6.77252309438,51.1471054906,SRID=4326;POINT(6.77252309438106 51.1471054906194),220000;110000,,substation,Station Norf,,50
117,380.0,6.97257742701,50.7956930175,SRID=4326;POINT(6.97257742700703 50.795693017514),380000;220000;110000,,substation,Station Sechtem,RWE,
118,380.0,7.13689469739,50.6428608767,SRID=4326;POINT(7.13689469738717 50.6428608767133),380000;110000,,substation,Station Ließem,Amprion,50
119,380.0,6.45655246642,50.8713380369,SRID=4326;POINT(6.45655246642153 50.8713380368705),380000;110000,,substation,Station Oberzier,Net,50
120,380.0,7.86394571365,50.7682419129,SRID=4326;POINT(7.86394571365263 50.7682419129404),380000;220000;110000,,substation,Station Dauersberg,RWE,50
121,380.0,6.32166491494,50.8383473628,SRID=4326;POINT(6.32166491493505 50.8383473627586),,,plant,RWE Kraftwerk Weisweiler,RWE,
122,380.0,6.16738169006,50.8020442927,SRID=4326;POINT(6.16738169006425 50.8020442927138),380000;110000,,substation,Station Verlautenheide,Amprion,50
123,380.0,6.7022033778,51.0088609097,SRID=4326;POINT(6.70220337779745 51.0088609096753),380000;220000,,substation,Station Rommerskirchen,RWE,50
124,380.0,6.61240231531,51.0359242595,SRID=4326;POINT(6.61240231530956 51.0359242594819),380000;220000;110000,,substation,KW Neurath,,50
125,380.0,6.96568442352,51.0693295322,SRID=4326;POINT(6.96568442352005 51.0693295322353),380000;220000;110000,,substation,Station Opladen,RWE,
126,380.0,7.23319684332,51.2325069075,SRID=4326;POINT(7.23319684331545 51.2325069075148),380000;110000,,substation,Station Linde,RWE,50
127,380.0,6.30090123787,50.8289532123,SRID=4326;POINT(6.30090123786765 50.8289532122665),380000;110000,,substation,Umspannwerk Weisweiler,,50
128,380.0,7.44948529011,50.4025276621,SRID=4326;POINT(7.44948529010545 50.4025276621126),380000;220000;110000,,substation,Station Weißenthurm,Amprion,50
129,380.0,6.62582790177,51.2606098249,SRID=4326;POINT(6.62582790177014 51.2606098249047),220000;110000,,substation,Station Osterath,RWE,50
130,380.0,7.12308195236,51.1715887782,SRID=4326;POINT(7.12308195236379 51.1715887782054),380000;110000,,substation,Station Halfeshof,,50
131,380.0,6.80109333957,51.1225390519,SRID=4326;POINT(6.80109333956604 51.1225390518584),380000;220000,,substation,Station Sankt Peter 380 kV,RWE,50
132,380.0,7.00877914033,51.174254918,SRID=4326;POINT(7.00877914033175 51.1742549180397),380000;110000,,substation,Station Ohligs,Amprion,50
133,380.0,6.84265066151,50.8635385009,SRID=4326;POINT(6.8426506615144 50.8635385008881),380000;110000,,substation,Station Knapsack,Amprion,
134,220.0,6.80461158013,50.9662452961,SRID=4326;POINT(6.80461158012622 50.9662452961379),220000;110000,,substation,Station Brauweiler,RWE,
135,380.0,7.71862721454,51.5342075115,SRID=4326;POINT(7.7186272145384 51.5342075115271),380000;110000,,substation,Station Unna,Amprion,
136,380.0,7.93077008561,51.6729710197,SRID=4326;POINT(7.93077008561427 51.6729710197069),380000,,substation,Geithe,Trianel,
137,220.0,6.22183144596,51.6946456422,SRID=4326;POINT(6.22183144595687 51.6946456422206),220000;110000,,substation,Station Pfalzdorf,RWE,
138,380.0,7.0067498786,51.599911422,SRID=4326;POINT(7.00674987859998 51.5999114220203),,,generator,Kraftwerk Scholven,,
139,220.0,7.03761988504,51.5985496312,SRID=4326;POINT(7.03761988504233 51.5985496311832),220000;110000,,substation,Station Bergmannsglück,RWE,
140,220.0,7.26408346259,51.5735734104,SRID=4326;POINT(7.2640834625924 51.5735734103802),220000;110000,,substation,Station Pöppinghausen,Amprion,50
141,220.0,7.27894711303,51.4722816773,SRID=4326;POINT(7.2789471130269 51.4722816773138),220000;110000,,substation,Station Laer,Amprion,50
142,220.0,7.18667755312,51.5505890706,SRID=4326;POINT(7.18667755311932 51.550589070577),,,generator,Kraftwerk Herne Baukau,Evonik Industries AG,
143,380.0,7.35135784055,51.5683686081,SRID=4326;POINT(7.35135784054859 51.568368608134),,,generator,Kraftwerk Knepper,E.On Kraftwerke GmbH,
144,220.0,7.17937912539,51.4722019484,SRID=4326;POINT(7.17937912538938 51.4722019484347),220000;110000,,substation,Station Bochum,Amprion,
145,220.0,6.93488869659,51.0335223351,SRID=4326;POINT(6.93488869659333 51.0335223350589),220000;110000,,substation,UW Fühlingen,RheinEnergie,50
146,220.0,6.82813596908,51.1626762414,SRID=4326;POINT(6.82813596908193 51.1626762413706),220000;110000,,substation,Station Reisholz,,50
147,220.0,7.50597329672,51.4015925504,SRID=4326;POINT(7.50597329671546 51.401592550355),220000;110000,,substation,Umspannwerk Garenfeld,markE,
148,220.0,6.84699931065,51.2055917698,SRID=4326;POINT(6.84699931064759 51.2055917698058),220000;110000,,substation,Station Eller,RWE;Stadtwerke Düsseldorf,50
149,220.0,7.19316578267,50.7983350647,SRID=4326;POINT(7.19316578267403 50.798335064694),220000;110000,,substation,Station Siegburg,RWE,
150,220.0,7.04738452411,50.9055286095,SRID=4326;POINT(7.0473845241055 50.9055286094924),220000;110000,,substation,Station Gremberghoven,RWE,50
151,220.0,6.70967369517,51.0909407428,SRID=4326;POINT(6.70967369516713 51.0909407427733),220000;110000,,substation,Station Gohrpunkt,Amprion,
152,220.0,7.0129374264,50.6176584938,SRID=4326;POINT(7.01293742640329 50.6176584938251),220000;110000,,substation,Station Meckenheim,RWE,50
153,220.0,6.33006858949,51.2429161504,SRID=4326;POINT(6.33006858948983 51.2429161503794),380000;220000;110000,,substation,Station Dülken,RWE,50
154,220.0,7.02354449916,50.9990684096,SRID=4326;POINT(7.0235444991641 50.999068409611),220000,,substation,Station Dünnwald,,50
155,220.0,7.72438401522,51.4093341306,SRID=4326;POINT(7.72438401522458 51.4093341305984),220000;110000,,substation,Umspannwerk Bixterheide,Amprion,50
156,380.0,6.84223115148,50.8598647244,SRID=4326;POINT(6.84223115147656 50.8598647243573),380000;220000,,substation,Kraftwerkschaltanlage Knapsack 1,,
157,380.0,8.3642295307,51.9271204905,SRID=4326;POINT(8.364229530696 51.9271204904611),380000;220000;110000,,substation,Station Gütersloh,Amprion,50
158,380.0,6.48812326382,50.8810703126,SRID=4326;POINT(6.48812326381716 50.8810703125704),380000,,substation,Station Hambach,RWE,50
159,380.0,8.05408735442,53.3323026934,SRID=4326;POINT(8.05408735442182 53.3323026933898),380000;220000;110000,CONN,substation,Conneforde,TenneT,50
160,380.0,8.47791063609,53.428485469,SRID=4326;POINT(8.47791063608626 53.428485468955),380000;220000,,substation,Kernkraftwerk Unterweser,EON_Netz,50
161,220.0,8.05283751634,53.3338809599,SRID=4326;POINT(8.05283751634017 53.3338809598955),220000;110000,CONN,substation,Conneforde 110/220 kV,TenneT;EON_Netz,50
162,220.0,6.85153113795,50.984170468,SRID=4326;POINT(6.85153113794826 50.9841704680083),220000;110000,,substation,Bocklemünd,,50
163,380.0,6.59601979462,50.9525274624,SRID=4326;POINT(6.59601979462215 50.9525274624278),380000;110000,,substation,Station Paffendorf,Amprion,50
164,380.0,7.33861258614,51.631978125,SRID=4326;POINT(7.33861258614081 51.6319781250427),380000;110000,,substation,Schaltanlage Datteln 4,E.ON,50;16.7
165,380.0,7.70831848873,51.6762033088,SRID=4326;POINT(7.70831848872651 51.6762033088437),380000;220000;110000,,substation,Station Gersteinwerk,Amprion,50
166,380.0,7.6170209951,51.6371337641,SRID=4326;POINT(7.61702099509812 51.6371337640588),,,generator,Kraftwerk Bergkamen,RWE; evonik,
167,220.0,7.52228010104,51.5321980552,SRID=4326;POINT(7.52228010104186 51.5321980552231),220000;110000,,substation,Station Wambel,Ampirion,50
168,380.0,6.90660779029,51.5652424465,SRID=4326;POINT(6.90660779028721 51.5652424465435),380000;110000,,substation,Station Nordlicht,RWE; ELE,50
169,220.0,6.96734393054,51.4908618864,SRID=4326;POINT(6.96734393053748 51.4908618864265),220000,,substation,LMG,,50
170,220.0,6.87287359352,51.4457833372,SRID=4326;POINT(6.87287359352087 51.4457833372124),220000;110000,,substation,Styrum,,50
171,220.0,6.86804496308,51.3744747806,SRID=4326;POINT(6.86804496307922 51.3744747805902),220000;110000,,substation,Station Selbeck,RWE,
172,220.0,6.78752251671,51.5055501,SRID=4326;POINT(6.78752251671348 51.505550100013),220000;110000,,substation,Station Hamborn,Amprion,50
173,380.0,6.62284323547,51.2587133681,SRID=4326;POINT(6.62284323546559 51.258713368098),380000,,substation,Station Osterath,RWE,50
174,220.0,6.81216588075,51.5196200118,SRID=4326;POINT(6.81216588075166 51.5196200118095),220000;110000,,substation,Station Handbach,Amprion,50
175,220.0,6.72031000056,51.391532538,SRID=4326;POINT(6.72031000055597 51.3915325380171),220000,,substation,Station Rheinhausen,Amprion,
176,220.0,6.54240844257,51.299445815,SRID=4326;POINT(6.54240844257145 51.2994458149911),220000;110000,,substation,Station Edelstahl Krefeld,,50
177,220.0,13.0786421048,54.2848461697,SRID=4326;POINT(13.0786421047586 54.2848461697305),220000;110000,Lhg,substation,Umspannwerk Lüdershagen,50Hertz Transmission GmbH;E.ON edis AG,
178,220.0,8.02029033798,50.9236168949,SRID=4326;POINT(8.02029033797883 50.9236168949394),220000,,substation,Setzer Wiese,RWE,50
179,220.0,13.9570055476,53.2521716258,SRID=4326;POINT(13.9570055475871 53.252171625753),380000;220000,,substation,Bertikow,50Hertz Transmission GmbH,
180,220.0,14.2708346707,53.0962865536,SRID=4326;POINT(14.270834670665 53.0962865535819),220000;110000,,substation,Vierraden,50Hertz Transmission GmbH,50
181,220.0,14.0336963685,53.5078685981,SRID=4326;POINT(14.0336963684666 53.5078685980791),220000;110000,,substation,Pasewalk,50Hertz Transmission GmbH;E.ON edis AG,
182,220.0,14.4762521007,53.1967495481,SRID=4326;POINT(14.4762521006827 53.1967495480613),400000;220000,KRA,substation,"Stacja elektroenergetyczna ""Krajnik"" 400/220 kV",PSE Operator,
183,380.0,9.90884752815,53.4880466404,SRID=4326;POINT(9.90884752815356 53.4880466403676),380000;110000,,substation,Umspannwerk Hamburg/Süd,50Hertz Transmission;Stromnetz Hamburg GmbH,50
184,380.0,6.61738109143,51.4757909636,SRID=4326;POINT(6.61738109142906 51.4757909635544),380000;220000;110000,,substation,Station Utfort,Amprion,50
185,220.0,6.65673519501,51.3795236344,SRID=4326;POINT(6.65673519501182 51.379523634379),220000;110000,,substation,Uerdingen,,50
186,380.0,6.71114527446,51.5261875491,SRID=4326;POINT(6.7111452744645 51.5261875490663),380000,,substation,Walsum Block 10,Amprion,50
187,380.0,6.68934277039,51.5764228882,SRID=4326;POINT(6.68934277038931 51.5764228881728),380000,,substation,Station Zensenbusch,Amprion,
188,220.0,6.72365237186,51.3758458109,SRID=4326;POINT(6.72365237186396 51.375845810902),,,generator,Kraftwerk Huckingen,,
189,380.0,8.61664767275,48.0659537907,SRID=4326;POINT(8.61664767275337 48.0659537906797),380000;110000,TRSNG,substation,Umspannwerk Trossingen,,50
190,380.0,8.87294280488,48.3100912582,SRID=4326;POINT(8.87294280487974 48.3100912582216),380000,ENGST,substation,EnBW Umspannwerk Engstlatt,EnBW,50
191,380.0,6.71525259692,51.5267908666,SRID=4326;POINT(6.71525259691926 51.5267908666491),220000;110000,,substation,Station Walsum,Amprion,50
192,220.0,12.1857651812,53.810859799,SRID=4326;POINT(12.1857651811846 53.8108597989599),220000;110000,,substation,Güstrow,EON_edis,
193,220.0,6.7225698095,51.4797876727,SRID=4326;POINT(6.72256980950278 51.4797876727124),380000;220000;110000,,substation,Station Beeck,,50
194,380.0,6.6830656826,51.5771047777,SRID=4326;POINT(6.68306568260248 51.577104777735),,,generator,Kraftwerk Voerde,evonik,
195,380.0,6.68310697664,51.5756455059,SRID=4326;POINT(6.68310697663871 51.5756455059265),220000,,substation,Station Möllen,,
196,220.0,6.74541676675,51.498641948,SRID=4326;POINT(6.74541676675317 51.4986419480434),220000,,substation,,,
197,220.0,6.61427855504,51.6186788033,SRID=4326;POINT(6.61427855504049 51.6186788033284),220000;110000,,substation,Spellen,,50
198,380.0,7.97065689371,51.6768446668,SRID=4326;POINT(7.9706568937083 51.6768446667846),380000,,substation,,,50
199,220.0,7.44506930371,51.6185000869,SRID=4326;POINT(7.44506930371379 51.6185000869374),220000;110000,,substation,Station Elmenhorst,Amprion,
200,220.0,6.73212495036,51.4594437366,SRID=4326;POINT(6.73212495035583 51.4594437365975),220000;110000,,substation,Station Ruhrort,Amprion,50
201,380.0,9.25103425144,53.1144323051,SRID=4326;POINT(9.25103425143703 53.1144323051271),380000;220000;110000,,substation,Sottrum,EON_Netz,50
202,380.0,7.32089257542,52.4714572265,SRID=4326;POINT(7.32089257541703 52.4714572265383),,KKE,plant,Kernkraftwerk Emsland,KKW Lippe-Ems,
203,380.0,6.75917485282,52.2488578799,SRID=4326;POINT(6.75917485282445 52.2488578798871),380000,,substation,380kV Hengelo,TenneT,
204,220.0,7.70632726934,51.2785831552,SRID=4326;POINT(7.70632726933662 51.278583155205),220000;110000,,substation,Elverlingsen,markE,
205,220.0,7.45034204531,51.4136082128,SRID=4326;POINT(7.45034204531003 51.413608212821),,,plant,Koepchenwerk,RWE Power AG,
206,380.0,6.63448162267,51.0359799381,SRID=4326;POINT(6.63448162267058 51.0359799381303),,,plant,RWE Kraftwerk Neurath BoA Bl. F/G,,
207,220.0,7.60711612154,51.8986046029,SRID=4326;POINT(7.60711612154456 51.8986046029193),220000,,substation,Amelsbüren,Amprion,50
208,380.0,7.40354443406,51.644449488,SRID=4326;POINT(7.4035444340631 51.644449487967),380000,,substation,Station Lippe,RWE,50
209,380.0,8.93969252741,52.4030332405,SRID=4326;POINT(8.93969252741257 52.4030332405173),380000,3018,substation,Schaltanlage Ovenstädt,TenneT TSO GmbH,50
210,380.0,9.40952032742,52.0343166659,SRID=4326;POINT(9.40952032742215 52.034316665873),,KWG,plant,Kernkraftwerk Grohnde,Gemeinschaftskernkraftwerk Grohnde GmbH & Co. oHG,
211,380.0,7.23579344537,49.3693923629,SRID=4326;POINT(7.23579344536789 49.3693923629482),380000,,substation,Mittelbexbach,Amprion,50
212,380.0,6.81368431456,49.7248340737,SRID=4326;POINT(6.81368431456473 49.7248340737293),380000;110000,,substation,Station Osburg,Amprion; Westnetz,50
213,220.0,8.58869049603,49.815514058,SRID=4326;POINT(8.58869049603326 49.8155140579794),220000;110000,,substation,Umspannanlage Pfungstadt,RWE,50
214,220.0,8.54716092521,49.4405396661,SRID=4326;POINT(8.5471609252134 49.4405396661002),220000;110000,,substation,Station Rheinau,Net,50
215,220.0,8.40826973551,49.5285689246,SRID=4326;POINT(8.40826973550855 49.5285689245626),220000,,substation,BASF,,50
216,380.0,9.19078743692,48.9144168738,SRID=4326;POINT(9.1907874369222 48.914416873799),380000;220000;110000,,substation,Umspannstation Hoheneck Amprion,Amprion,50
217,380.0,12.1320699705,54.1424598756,SRID=4326;POINT(12.1320699705054 54.14245987564),,,generator,Kraftwerk Rostock,,50
218,220.0,12.2135605441,54.1119998545,SRID=4326;POINT(12.2135605440795 54.1119998545154),220000;110000,,substation,Bentwisch,E.ON edis AG,
219,380.0,8.57125882787,52.1053649602,SRID=4326;POINT(8.5712588278729 52.1053649602273),380000;110000,,substation,Eickum,TenneT,50
220,380.0,8.6593729029,51.9996101319,SRID=4326;POINT(8.65937290290079 51.9996101318907),380000;220000;110000,,substation,Umspannwerk Bechterdissen,TenneT,50
221,380.0,7.31136229106,53.1257665563,SRID=4326;POINT(7.31136229105814 53.1257665563186),380000;150000;110000,DIEL,substation,Diele,TenneT;EON_Netz,50;0
222,380.0,6.94948397154,53.1235378223,SRID=4326;POINT(6.94948397153705 53.1235378223082),380000;220000,,substation,380kV Meeden,TenneT,
223,220.0,8.27327814618,49.0293980916,SRID=4326;POINT(8.27327814618118 49.0293980916396),220000;110000,,substation,Umspannwerk Maximiliansau,Pfalzwerke AG,50
224,220.0,8.35233388,49.4212743387,SRID=4326;POINT(8.3523338799966 49.4212743386606),220000;110000,,substation,Netzleitstelle Mutterstadt,Pfalzwerke,50
225,220.0,7.72920197914,49.4826474298,SRID=4326;POINT(7.72920197913641 49.4826474297682),220000;110000,,substation,Otterbach,Amprion,50
226,220.0,9.79733602695,52.0008392513,SRID=4326;POINT(9.79733602695253 52.0008392513306),220000;110000,,substation,Godenau,TenneT;EON_Netz,50
227,380.0,10.0821573265,48.2660901579,SRID=4326;POINT(10.0821573264928 48.2660901578788),380000,,substation,Vöhringen Amprion,Ampirion,50
228,220.0,8.62716125806,49.543595267,SRID=4326;POINT(8.62716125806072 49.5435952670263),220000;110000,,substation,Umspannwerk Weinheim,,50
229,220.0,8.50180851653,49.4449115114,SRID=4326;POINT(8.50180851652818 49.4449115114399),220000;110000,,substation,Mannheim,,
230,380.0,10.3917760569,48.5184609118,SRID=4326;POINT(10.391776056934 48.5184609117668),380000,,substation,Umspannwerk Gundelfingen,Amprion,
231,380.0,7.95805402329,47.5954722641,SRID=4326;POINT(7.95805402328778 47.5954722640613),380000;220000,,substation,Lastverteilung/Schaltanlage Kühmoos,Schluchseewerk AG,50
232,380.0,10.0837512707,48.2688675153,SRID=4326;POINT(10.0837512706734 48.268867515302),380000;220000;110000,Station Nr. 625,substation,Vöhringen LEW,LEW,50
233,380.0,9.88551509757,48.3040743585,SRID=4326;POINT(9.88551509756969 48.3040743584705),380000;220000;110000,,substation,Umspannwerk Dellmensingen,EnBW,50
234,220.0,9.01340238046,47.8453486311,SRID=4326;POINT(9.01340238045655 47.8453486310857),220000;110000,,substation,Umspannwerk Stockach,,50
235,220.0,8.25192548128,47.6397698265,SRID=4326;POINT(8.25192548128222 47.6397698264894),220000;110000,,substation,Umspannwerk Gurtweil,EnBW,50
236,380.0,9.19675652645,48.912963438,SRID=4326;POINT(9.19675652645089 48.9129634380259),220000;110000,,substation,Umspannwerk Hoheneck EnBW,EnBW,50
237,220.0,6.13981113771,49.6686086456,SRID=4326;POINT(6.13981113770544 49.6686086456422),220000;65000,,substation,Heisdorf,,
238,220.0,6.62053556843,49.7489386711,SRID=4326;POINT(6.62053556843084 49.7489386710632),220000,,substation,Station Trier,Amprion,50
239,220.0,6.70228540768,49.8289944201,SRID=4326;POINT(6.70228540768092 49.8289944201161),220000;110000,,substation,Station Quint,Amprion; Westnetz,50
240,220.0,8.5315149394,50.0478743321,SRID=4326;POINT(8.53151493939883 50.047874332134),220000,,substation,Station Kelsterbach,Süwag,50
241,380.0,8.47137163304,50.0972077428,SRID=4326;POINT(8.4713716330449 50.0972077427754),380000;110000,,substation,Umspannwerk Kriftel,Amprion,50
242,380.0,8.0657379664,50.4060681119,SRID=4326;POINT(8.06573796639762 50.4060681118621),380000;110000,,substation,Station Limburg,"Amprion, Süwag",
245,380.0,8.98953614978,50.0602550608,SRID=4326;POINT(8.98953614977701 50.0602550608281),380000;110000,,substation,Karlstein,Amprion,50
246,380.0,8.95870856177,50.0826078105,SRID=4326;POINT(8.95870856177306 50.0826078105489),380000;220000,,substation,Umspannwerk Großkrotzenburg,TenneT,50
247,380.0,10.3633842323,47.7383368093,SRID=4326;POINT(10.363384232266 47.7383368092793),380000;220000,,substation,Schaltanlage Leupolz,Amprion,50
248,380.0,7.46150025902,51.6146143079,SRID=4326;POINT(7.46150025901999 51.6146143079042),,,generator,Trianel Kraftwerk Lünen,Trianel,
249,380.0,7.71823231963,51.6743422007,SRID=4326;POINT(7.71823231962748 51.6743422007117),,,generator,Gersteinwerk Block K,,
250,380.0,7.7155434195,51.6736430745,SRID=4326;POINT(7.71554341949648 51.6736430744508),,,generator,Gersteinwerk Block F,,
251,380.0,7.7145945335,51.6730996381,SRID=4326;POINT(7.71459453349968 51.6730996381138),,,generator,Gersteinwerk Block G,,
252,380.0,7.71270093431,51.6726636622,SRID=4326;POINT(7.71270093431027 51.672663662233),,,generator,Gersteinwerk Block I,,
253,380.0,7.98122159643,51.6735262619,SRID=4326;POINT(7.98122159643085 51.6735262619046),380000;110000,,substation,Station Lippborg,Amprion,50
254,220.0,7.79256714933,49.8105487811,SRID=4326;POINT(7.79256714933307 49.8105487811028),220000;110000,,substation,Niederhausen,,50
255,220.0,6.92013045453,49.9705818905,SRID=4326;POINT(6.92013045452502 49.9705818904706),220000;110000,,substation,Station Wengerohr,Amprion; Westnetz,
256,220.0,6.75552340557,49.3648695915,SRID=4326;POINT(6.75552340556687 49.3648695914696),220000,,substation,Dieffeln,VSE,50
257,380.0,8.41467459584,49.7091468139,SRID=4326;POINT(8.41467459584413 49.7091468139245),,,plant,Kernkraftwerk Biblis,RWE,
258,220.0,9.88280429847,51.5155074977,SRID=4326;POINT(9.88280429847019 51.5155074976724),220000;110000,,substation,Umspannwerk Rosdorf,TenneT;AVACON,50
259,220.0,9.85139357253,51.64913524,SRID=4326;POINT(9.85139357253472 51.6491352399809),220000;110000,,substation,Hardegsen,TenneT;EON_Netz,50
260,380.0,8.78579302529,48.5837674015,SRID=4326;POINT(8.78579302528601 48.5837674015328),380000;110000,OBJTT,substation,EnBW Umspannwerk Oberjettingen,EnBW,50
261,380.0,9.04543496799,48.9029620138,SRID=4326;POINT(9.0454349679866 48.9029620137561),380000;220000;110000,,substation,380kV-Umspannwerk Pulverdingen,EnBW Transportnetze AG,50
262,380.0,9.8013171669,47.6525043241,SRID=4326;POINT(9.8013171668981 47.6525043240978),380000,,substation,Umspannwerk Obermooweiler,,50
263,380.0,9.81091689215,47.1426452967,SRID=4326;POINT(9.81091689214732 47.142645296653),380000;220000,,substation,Umspannwerk Bürs,Vorarlberger Illwerke AG,
264,380.0,9.42551238607,48.0643507981,SRID=4326;POINT(9.42551238607291 48.0643507981263),380000;220000;110000,,substation,Umspannwerk Herbertingen,EnBW,
265,220.0,8.1049595741,52.264261374,SRID=4326;POINT(8.10495957410199 52.2642613740358),220000;110000,,substation,Station Lüstringen,Amprion,50
266,220.0,12.1301906295,47.913165482,SRID=4326;POINT(12.1301906295374 47.9131654820025),220000,,substation,Umspannwerk Marienberg,"Tennet TSO GmbH, E.ON Netz GmbH",
267,380.0,6.8018236571,51.1247880606,SRID=4326;POINT(6.8018236570969 51.1247880606241),220000;110000,,substation,Station Sankt Peter 220 kV,RWE,50
268,220.0,7.98506745762,50.8422254447,SRID=4326;POINT(7.98506745761923 50.8422254447013),220000;110000,,substation,Station Eiserfeld,Amprion,50
269,380.0,8.28486177867,50.7590735195,SRID=4326;POINT(8.284861778672 50.7590735194915),380000;110000,,substation,Dillenburg,e.on;Mitte AG,50
270,220.0,7.22423842685,53.3499271469,SRID=4326;POINT(7.22423842685352 53.3499271468647),220000;110000,EMDB,substation,Emden-Borßum,TenneT;EON_Netz,50
271,220.0,7.20605284001,53.3413192542,SRID=4326;POINT(7.20605284001418 53.3413192541639),220000;110000,EMDE,substation,Umspannwerk Kraftwerk Emden,,
272,380.0,9.31819523639,54.716049409,SRID=4326;POINT(9.31819523638713 54.7160494089748),380000;220000;110000;20000,FLEN,substation,Flensburg,TenneT,50
273,220.0,9.27063390877,55.0370264816,SRID=4326;POINT(9.27063390877085 55.0370264816237),400000;220000;150000,KAS,substation,400 kV Kassø,Energinet.dk,
274,220.0,9.43342930362,55.018722918,SRID=4326;POINT(9.43342930362242 55.0187229179606),220000;150000;60000,,substation,150 kV Enstedværket,,
275,220.0,7.43348911422,50.4365195361,SRID=4326;POINT(7.43348911422107 50.4365195361077),220000,,substation,,,
276,380.0,7.59330184857,50.3859437917,SRID=4326;POINT(7.59330184856855 50.3859437917469),380000;110000,,substation,Station Koblenz,RWE,
277,220.0,8.12215702006,53.5658323292,SRID=4326;POINT(8.12215702005755 53.5658323292485),220000,,substation,Atlantic,,50
278,220.0,11.5615074728,52.1238924527,SRID=4326;POINT(11.5615074728142 52.1238924527264),220000;110000,,substation,Magdeburg (50Hertz),50Hertz Transmission,50
279,380.0,12.8139099117,50.8579185114,SRID=4326;POINT(12.8139099116529 50.8579185114397),380000;220000;110000,ROE,substation,Umspannwerk Röhrsdorf,50Hertz,50
280,380.0,13.3823233829,51.355996158,SRID=4326;POINT(13.3823233828996 51.3559961579888),380000;110000,STR,substation,Umspannwerk Streumen,50Hertz,50
281,380.0,12.0449825162,50.7812567341,SRID=4326;POINT(12.0449825161601 50.7812567340735),380000;220000;110000,,substation,Umspannwerk Weida,50Hertz,
282,380.0,12.5182220968,51.1570725851,SRID=4326;POINT(12.5182220968156 51.1570725850832),380000;220000;110000,,substation,Eula,50Hertz Transmission,50
283,380.0,8.48009523461,50.5909204314,SRID=4326;POINT(8.48009523461158 50.5909204313802),380000;110000,,substation,Umspannwerk Aßlar,E.ON Mitte AG,
284,380.0,8.65659923594,50.6055491256,SRID=4326;POINT(8.65659923594081 50.6055491256016),380000;110000,,substation,Umspannwerk Gießen Nord,,50
285,220.0,8.08162670615,52.8586374845,SRID=4326;POINT(8.08162670615254 52.858637484526),220000,,substation,Cloppenburg 220 kV,TenneT,50
286,220.0,9.56710201162,51.3252573277,SRID=4326;POINT(9.56710201161841 51.3252573276817),220000;110000,,substation,Sandershausen,TenneT,50
287,220.0,7.74679248426,52.2885115081,SRID=4326;POINT(7.74679248425685 52.2885115081219),220000,,substation,Kraftwerkschaltanlage Ibbenbüren,,
288,220.0,7.91072928613,48.5012882982,SRID=4326;POINT(7.91072928612534 48.5012882982432),220000;110000,,substation,Umspannwerk Weier,EnBW,50
289,220.0,7.72570634781,52.2771949017,SRID=4326;POINT(7.7257063478071 52.2771949017405),220000;110000,,substation,Station Ibbenbüren,Amprion,50
290,380.0,14.2192282929,51.1207079922,SRID=4326;POINT(14.2192282929357 51.120707992198),380000;110000,,substation,Umspannwerk Schmölln,50Hertz;ENSO,
291,380.0,14.5700865499,51.4190136844,SRID=4326;POINT(14.5700865498873 51.4190136844256),,,generator,Kraftwerk Boxberg,Vattenfall Europe,
292,380.0,11.6441811001,51.9085128734,SRID=4326;POINT(11.6441811001256 51.908512873438),220000;110000,MD 38,substation,Umspannwerk Förderstedt,50Hertz,50
293,220.0,11.4746908223,50.6040154814,SRID=4326;POINT(11.4746908222742 50.6040154814218),220000,,plant,Pumpspeicherkraftwerk Hohenwarte II,,50
294,380.0,10.9910146333,50.5735269902,SRID=4326;POINT(10.9910146333086 50.573526990181),380000;110000,,substation,Umspannwerk Altenfeld,50Hertz,50
295,220.0,10.5054991208,52.3018379056,SRID=4326;POINT(10.5054991208047 52.3018379056382),220000,,substation,Umspannwerk Braunschweig Nord,EON_Netz,
296,380.0,9.11362795987,52.5457924749,SRID=4326;POINT(9.11362795987411 52.5457924749284),,,plant,Kraftwerk Robert Frank,Statkraft Germany,
297,220.0,10.3692300486,52.1670924339,SRID=4326;POINT(10.3692300485918 52.1670924338554),220000;110000,,substation,Salzgitter-Hallendorf,TenneT;EON_Netz,50
298,220.0,10.4195406346,52.236960662,SRID=4326;POINT(10.4195406346214 52.2369606619834),220000,,substation,Gleidingen 220 kV,TenneT,
299,220.0,10.0876468,52.3151305548,SRID=4326;POINT(10.0876467999739 52.3151305547947),220000;110000,,substation,Mehrum (220 kV),,
300,220.0,8.40314143641,52.6096440114,SRID=4326;POINT(8.40314143640892 52.609644011383),220000;110000,,substation,Station Sankt Hülfe,Amprion,50
301,380.0,10.2358631058,52.29345954,SRID=4326;POINT(10.2358631058452 52.2934595399896),380000;110000,U4,substation,Klein Ilsede,,50
302,380.0,9.51424009148,51.2590355806,SRID=4326;POINT(9.5142400914841 51.2590355805955),380000;110000,,substation,Umspannwerk Bergshausen,TenneT,
303,380.0,9.38765125749,51.6407335256,SRID=4326;POINT(9.38765125748855 51.640733525594),380000;220000;110000,,substation,Umspannanlage Würgassen,,
304,380.0,9.77415043834,50.5287496465,SRID=4326;POINT(9.77415043834156 50.5287496465011),380000;110000,,substation,UW Dipperz,Tennet,50
305,380.0,9.17745967557,49.0378098505,SRID=4326;POINT(9.17745967557079 49.037809850476),380000;110000,,substation,Umrichterwerk Neckarwestheim,DB_Energie,50;16.7
306,380.0,9.17731110344,49.0393782004,SRID=4326;POINT(9.17731110343941 49.039378200434),380000,,substation,Gemeinschaftskraftwerk Neckarwestheim 2,,
307,380.0,9.15135394991,49.1433834119,SRID=4326;POINT(9.15135394990856 49.1433834119236),380000;220000;110000,,substation,380-kV-Umspannwerk Großgartach,,
308,380.0,10.1878339996,49.9812190408,SRID=4326;POINT(10.1878339995516 49.981219040845),380000,GR,substation,Grafenrheinfeld,,
309,380.0,9.44691867105,49.5902629324,SRID=4326;POINT(9.44691867105201 49.5902629324336),380000;110000,,substation,Umspannwerk Höpfingen,EnBW,50
310,380.0,9.20736443094,49.176637954,SRID=4326;POINT(9.20736443093694 49.1766379540065),,,generator,Heizkraftwerk Heilbronn,,
311,380.0,9.69465635518,49.2325925412,SRID=4326;POINT(9.69465635518013 49.2325925411591),380000;110000,,substation,Umspannwerk Kupferzell,EnBW,50
312,380.0,10.1174866947,48.8971053361,SRID=4326;POINT(10.1174866946797 48.8971053361382),380000;220000;110000,,substation,Umspannwerk Goldshöfe,EnBW,50
313,380.0,12.3374229103,51.1969683571,SRID=4326;POINT(12.3374229103144 51.1969683571228),380000;110000,,substation,Pulgar,50 Hertz Transmission;Stadtwerke Leipzig,
314,380.0,10.8675658805,48.5394690937,SRID=4326;POINT(10.8675658805484 48.5394690937344),380000,,substation,Station Meitingen,Net,
315,380.0,10.8408695619,48.2380310092,SRID=4326;POINT(10.8408695619217 48.2380310092335),380000;220000;110000,173A,substation,Umspannwerk Oberottmarshausen,Lech-Elektrizitätswerke,50
316,380.0,10.9367289314,48.4013064415,SRID=4326;POINT(10.9367289314287 48.4013064414835),380000;110000,613 U;1000,substation,Umspannwerk Lechhausen; Übernahmestation Lechhausen,Lechwerke;Stadtwerke Augsburg,50
317,380.0,10.873935757,47.2444239286,SRID=4326;POINT(10.8739357569814 47.2444239286028),380000;220000;110000,,substation,APG Umspannwerk Westtirol,Austrian Power Grid AG,50
318,380.0,10.8637616199,48.5468231051,SRID=4326;POINT(10.8637616199498 48.5468231051405),380000;110000,122 U,substation,Umspannwerk Meitingen,Elektrizitätswerke Augsburg,
319,380.0,9.70423149899,48.4650637321,SRID=4326;POINT(9.70423149899321 48.465063732143),380000;110000,,substation,EnBW Umspannwerk Laichingen,EnBW,50
320,380.0,9.40063139462,48.6669424397,SRID=4326;POINT(9.40063139462492 48.6669424396984),380000;220000;110000,,substation,EnBW Umspannwerk Wendlingen,,
321,220.0,7.57243731328,48.0188749889,SRID=4326;POINT(7.5724373132812 48.0188749889275),400000,,substation,Poste électrique de Vogelgrun,,
322,380.0,7.75186249821,48.0964057189,SRID=4326;POINT(7.75186249820802 48.0964057188536),220000;110000,,substation,220-kV-Umspannwerk Eichstetten,EnBW,50
323,220.0,12.4772465233,50.7531200813,SRID=4326;POINT(12.4772465232803 50.7531200813148),220000;110000,,substation,Crossen,,50
324,380.0,14.9464972856,51.062586216,SRID=4326;POINT(14.9464972856333 51.0625862159619),380000;110000,HGW,substation,Umspannwerk Hagenwerder,50Hertz,50
325,380.0,15.1149907449,51.0905795559,SRID=4326;POINT(15.1149907448572 51.0905795559394),400000;220000;110000,MIK,substation,"Stacja elektroenergetyczna ""Mikułowa"" 400/220/110 kV",PSE Operator,
326,380.0,13.8412680841,50.9901759359,SRID=4326;POINT(13.8412680841242 50.9901759359427),380000;110000,,substation,Umspannwerk DD-Süd,Vattenfall;ENSO Strom AG;DREWAG,50
327,380.0,13.2555550237,50.9301782416,SRID=4326;POINT(13.255555023675 50.9301782416399),380000,,substation,Freiberg/Nord (380 kV),50Hertz Transmission,50
328,220.0,13.0818771202,48.2565212405,SRID=4326;POINT(13.0818771201792 48.2565212405017),,,substation,Umspannwerk St. Peter,Austrian Power Grid AG,
329,220.0,13.0027821071,48.2619682658,SRID=4326;POINT(13.0027821071279 48.261968265807),220000,,substation,Umspannwerk Simbach,"Tennet, E.on Netz",
330,220.0,12.2208353621,48.5857329877,SRID=4326;POINT(12.2208353620671 48.5857329876532),220000;110000,AHM,substation,Umspannwerk Altheim,"TenneT TSO GmbH, E.ON Netz GmbH",50
331,220.0,12.7474442277,48.1487558435,SRID=4326;POINT(12.7474442277007 48.1487558434787),220000;110000,PI,substation,Umspannwerk Pirach,"TenneT TSO GmbH, E.ON Netz GmbH",50
332,380.0,13.1034346393,48.6667929606,SRID=4326;POINT(13.1034346393158 48.6667929606034),380000;220000;110000,PT,substation,Umspannwerk Pleinting,"TenneT TSO GmbH, E.ON Netz GmbH",50
333,380.0,9.19698235872,54.8510986052,SRID=4326;POINT(9.19698235871826 54.8510986052119),380000;110000;20000,,substation,Umspannwerk Jardelund,TenneT,50
334,380.0,11.1937277954,50.1622144406,SRID=4326;POINT(11.193727795361 50.1622144406172),380000;110000,RED,substation,Umspannwerk Redwitz,,
335,380.0,10.8360157548,49.9280673897,SRID=4326;POINT(10.8360157547717 49.9280673897058),380000,OD,substation,Umspannwerk Oberhaid,TenneT TSO GmbH,
336,380.0,11.8107025454,50.1837655261,SRID=4326;POINT(11.8107025453557 50.1837655260691),380000;220000;110000,MH,substation,Umspannwerk Mechlenreuth,TenneT TSO GmbH;E.ON Netz GmbH,50
337,380.0,12.2968837896,48.6069099226,SRID=4326;POINT(12.2968837896062 48.6069099225677),380000,IS,substation,Isar,,
338,380.0,12.0822544457,49.2974477669,SRID=4326;POINT(12.0822544456506 49.2974477669261),380000;220000;110000,SD,substation,Schwandorf,"TenneT TSO GmbH, E.ON Netz GmbH",50
339,220.0,8.95368121281,49.5674431691,SRID=4326;POINT(8.95368121281126 49.5674431691125),220000;110000,,substation,Beerfelden,,50
340,220.0,12.4696440086,51.3716629493,SRID=4326;POINT(12.4696440085589 51.3716629493371),220000;110000,,substation,Umspannwerk Taucha,50Hertz;enviaM,50
341,220.0,12.2488239058,51.1978824278,SRID=4326;POINT(12.2488239057592 51.1978824277899),220000;110000,,substation,Großdalzig,50Hertz Transmission;enviaM,50
342,220.0,10.7346694298,51.440186758,SRID=4326;POINT(10.7346694298176 51.4401867580454),220000,WK,substation,Wolkramshausen (220 kV),50Hertz,50
343,380.0,11.0049169149,50.5074149691,SRID=4326;POINT(11.0049169149012 50.5074149690608),380000,,substation,Pumpspeicherwerk Goldisthal,,50
344,220.0,13.0025898988,50.8659127197,SRID=4326;POINT(13.0025898987886 50.8659127196838),220000;110000,Nws,substation,Niederwiesa,eins-Energie,50
345,220.0,12.2428369226,50.5674531671,SRID=4326;POINT(12.2428369226029 50.5674531670625),220000;110000,Her,substation,Umspannwerk Herlasgrün,50Hertz;enviaM,50
346,380.0,13.2490283672,52.5316238928,SRID=4326;POINT(13.249028367237 52.5316238928337),380000;110000,,substation,Umspannwerk Reuter,50Hertz,50
347,380.0,13.3155158514,52.5219993683,SRID=4326;POINT(13.3155158513838 52.5219993683183),380000;110000,,substation,Umspannwerk Charlottenburg,50Hertz,50
348,380.0,13.3686584616,52.5031422116,SRID=4326;POINT(13.3686584616208 52.5031422115792),380000;110000,,substation,Berlin/Mitte,50Hertz;Stromnetz Berlin,
349,220.0,11.7924138446,48.8382240227,SRID=4326;POINT(11.7924138446413 48.8382240226632),220000;110000,SIT,substation,Umspannwerk Sittling,TenneT TSO GmbH;E.ON Netz GmbH,
350,220.0,11.3269526752,49.3934731176,SRID=4326;POINT(11.3269526751765 49.393473117636),220000;110000,LU,substation,Umspannwerk Ludersheim,TenneT TSO GmbH;E.ON Netz GmbH,50
351,380.0,11.5077305511,48.7611239877,SRID=4326;POINT(11.5077305510922 48.7611239877457),380000;220000;110000,IN,substation,Ingolstadt,,50
352,220.0,11.8076056361,48.4554267991,SRID=4326;POINT(11.8076056361242 48.4554267991033),220000;110000,ZOL,substation,Zolling - Irsching,,
353,380.0,11.5813705216,48.7648940509,SRID=4326;POINT(11.5813705216127 48.7648940508515),380000;220000;110000,IRS,substation,Irsching,,50
354,380.0,11.6393121108,48.1787834095,SRID=4326;POINT(11.6393121107521 48.1787834095237),380000;110000,,substation,Föhring,,50
355,220.0,6.17791451185,49.9530650802,SRID=4326;POINT(6.17791451185192 49.9530650802033),220000,,substation,Vianden,SEO,
356,220.0,6.21102031527,49.9586257532,SRID=4326;POINT(6.21102031526762 49.9586257531557),220000,,substation,SA Bauler,Amprion,50
357,220.0,6.11451700703,49.9053646588,SRID=4326;POINT(6.11451700702834 49.9053646588261),220000;65000,,substation,Flebour,,
358,220.0,6.08346044961,49.7764406189,SRID=4326;POINT(6.08346044961418 49.7764406189112),220000;65000,,substation,Roost,,
359,380.0,6.2769417852,49.1977400674,SRID=4326;POINT(6.27694178519793 49.1977400673896),400000;225000,,substation,Poste électrique de Vigy,RTE,
360,380.0,6.77320783778,49.2910742104,SRID=4326;POINT(6.77320783777607 49.2910742103854),380000;220000;110000,,substation,Umspannanlage Ensdorf,,50
361,220.0,6.70365235664,49.1385111923,SRID=4326;POINT(6.70365235663769 49.1385111923078),400000;225000;90000,,substation,Poste électrique de Saint-Avold,RTE,
362,380.0,8.04936352422,47.5508818535,SRID=4326;POINT(8.04936352422006 47.550881853478),380000;220000,,substation,Laufenburg,,50
363,220.0,7.50006173414,51.5351740925,SRID=4326;POINT(7.50006173413631 51.535174092458),220000,,substation,Ratsbusch,,50
364,220.0,6.97593254033,51.0376007285,SRID=4326;POINT(6.97593254033334 51.0376007284972),220000;110000,,substation,Station Dhünnaue,,
365,380.0,13.2428489964,52.5349539947,SRID=4326;POINT(13.2428489964032 52.5349539946502),,,generator,Heizkraftwerk Reuter West,,
366,380.0,8.56218193445,49.132949936,SRID=4326;POINT(8.56218193445384 49.132949935954),380000;110000,,substation,Umspannwerk Bruchsal-Kändelweg,EnBW;TransnetBW;NetzeBW,50
367,380.0,8.4413154852,49.251402647,SRID=4326;POINT(8.4413154852023 49.2514026469585),380000,,substation,Philippsburg 380 kV,EnBW,50
368,380.0,7.94208128553,47.6533415488,SRID=4326;POINT(7.94208128553147 47.6533415488354),,,generator,Kavernenkraftwerk Wehr,,
369,380.0,9.06879105809,53.5666414121,SRID=4326;POINT(9.06879105808819 53.5666414121342),380000;110000,,substation,Alfstedt,EON_Netz,50
370,220.0,6.7413761725,49.3574919374,SRID=4326;POINT(6.7413761724965 49.3574919373628),220000,,substation,UA Dillinger Hütte Mitte,,50
371,220.0,6.74970009407,49.3651763748,SRID=4326;POINT(6.74970009407096 49.3651763747607),220000,,substation,UA Obergraben,Amprion,50
372,220.0,6.76601564521,49.3600771524,SRID=4326;POINT(6.76601564520935 49.3600771523749),220000;110000,,substation,Station Saarwellingen,Amprion,50
373,220.0,12.1504016214,49.0127518128,SRID=4326;POINT(12.1504016214021 49.0127518128214),220000,RE,substation,Umspannwerk Regensburg,"TenneT TSO GmbH, E.ON Netz GmbH",
374,220.0,7.59135984066,51.928441667,SRID=4326;POINT(7.5913598406626 51.928441667004),220000;110000,,substation,Station Münster,RWE,50
375,220.0,8.45154437252,49.007402913,SRID=4326;POINT(8.45154437251894 49.0074029130057),220000;110000,,substation,Karlsruhe-Rintheim,,50
376,380.0,8.99620817966,52.3795879858,SRID=4326;POINT(8.99620817966153 52.379587985752),380000,,substation,KW Heyden,,50
377,380.0,9.56282337411,48.70148982,SRID=4326;POINT(9.56282337410874 48.7014898200493),380000;110000,BZW,substation,EnBW Umspannwerk Bünzwangen,EnBW,50
378,380.0,9.3708454159,48.71912333,SRID=4326;POINT(9.37084541589578 48.7191233300187),380000;110000,,substation,EnBW Umspannwerk Altbach 1,,50
379,380.0,9.37760577644,48.8126068571,SRID=4326;POINT(9.37760577643558 48.812606857093),380000;110000,,substation,EnBW Umspannwerk Endersbach,Netze BW,
380,220.0,9.82158380229,52.4248552546,SRID=4326;POINT(9.82158380229154 52.4248552546066),220000;110000,LAH,substation,Lahe,enercity Netzgesellschaft mbH,50
381,220.0,9.0762254363,49.3633869626,SRID=4326;POINT(9.0762254363019 49.3633869626072),220000;110000,,substation,Obrigheim,,50
382,380.0,10.160291269,49.9891947838,SRID=4326;POINT(10.1602912689993 49.9891947837947),380000;220000;110000,BRF,substation,Umspannwerk Bergrheinfeld,TenneT TSO GmbH,50
383,220.0,10.196491572,50.0279724033,SRID=4326;POINT(10.1964915719944 50.0279724033143),220000;110000,,substation,Schweinfurt,,50
384,380.0,10.843117799,49.3786926858,SRID=4326;POINT(10.8431177989998 49.3786926858391),380000;220000;110000,RAI,substation,Umspannwerk Raitersaich,TenneT TSO GmbH;E.ON Netz GmbH,50
385,380.0,9.09051754869,49.9700413736,SRID=4326;POINT(9.09051754868887 49.9700413735997),380000;220000;110000,AS,substation,Umspannwerk Aschaffenburg,TenneT TSO GmbH;E.ON Netz GmbH,50
386,220.0,8.81399419356,51.9834366294,SRID=4326;POINT(8.8139941935628 51.9834366294197),220000;110000,,substation,Umspannwerk Lage,,
387,220.0,8.93221843866,52.1933124298,SRID=4326;POINT(8.93221843866486 52.1933124298166),220000;110000,,substation,Veltheim,,50
388,220.0,8.95904413219,52.2784949765,SRID=4326;POINT(8.95904413219088 52.2784949764899),220000;110000,,substation,Umspannwerk Meißen,EON_WestfalenWeser,50
389,220.0,9.59430158866,49.7984427303,SRID=4326;POINT(9.59430158866246 49.7984427303145),220000;110000,TRE,substation,Umspannwerk Trennfeld,TenneT TSO GmbH;E.ON Netz GmbH,50
390,380.0,10.9729038959,49.5585073757,SRID=4326;POINT(10.9729038959004 49.5585073756737),380000;110000,KRI,substation,Kriegenbrunn,EON_Netz,50
391,380.0,8.95464412134,50.0860157333,SRID=4326;POINT(8.95464412133747 50.0860157333265),220000;110000,,substation,Kraftwerkseinspeisung Staudinger,,50
392,220.0,7.17590438915,51.4755782506,SRID=4326;POINT(7.17590438914786 51.4755782506206),220000,,substation,UW Stahlwerk ThyssenKrupp Nirosta,,
393,380.0,10.2316415496,48.5297622793,SRID=4326;POINT(10.231641549556 48.5297622792522),380000;110000,,substation,Umspannwerk Niederstotzingen,EnBW,50
394,380.0,10.2224539936,48.7367522348,SRID=4326;POINT(10.2224539935941 48.7367522347984),380000;110000,,substation,Umspannwerk Rotensohl,EnBW,50
395,380.0,9.64533503255,47.744596109,SRID=4326;POINT(9.64533503255392 47.7445961090448),380000;110000,,substation,380kV-Umspannwerk Grünkraut,,50
396,380.0,10.4015868558,48.5099297353,SRID=4326;POINT(10.4015868558303 48.5099297352537),380000;110000,Station 179 U,substation,Gundremmingen,LEW,50
397,380.0,8.80962330906,50.2034748086,SRID=4326;POINT(8.80962330905886 50.2034748086043),380000;110000,,substation,Umspannwerk Karben,TenneT,
398,380.0,9.72460611042,54.2882702503,SRID=4326;POINT(9.72460611042234 54.2882702503445),380000;110000,,substation,Audorf,TenneT,50
399,220.0,9.0971422094,48.8277618381,SRID=4326;POINT(9.09714220939812 48.8277618380686),220000;110000,,substation,Umspannwerk Weilimdorf,,
400,220.0,8.62886493304,51.9936340707,SRID=4326;POINT(8.62886493303814 51.9936340707213),220000;110000,,substation,Umspannwerk Bielefeld Ost,Stadtwerke Bielefeld GmbH,50
401,220.0,10.0604081018,54.3487708202,SRID=4326;POINT(10.0604081018258 54.3487708201584),220000;110000,,substation,Umspannwerk Kiel West,TenneT,50
402,220.0,9.44963652666,53.9672864974,SRID=4326;POINT(9.44963652666114 53.967286497351),220000;110000,,substation,Itzehoe/West,TenneT TSO GmbH,50
403,380.0,8.25885994833,47.6342116214,SRID=4326;POINT(8.25885994832776 47.6342116213731),380000;220000;110000,,substation,Tiengen,Amprion,50
404,380.0,8.23209442034,47.5561434831,SRID=4326;POINT(8.23209442033504 47.5561434831307),380000;220000,,substation,Betznau,,
405,380.0,7.75259055668,47.5391330215,SRID=4326;POINT(7.75259055668336 47.5391330214816),380000,,substation,Asphard,ALPIQ AXPO,
406,220.0,8.86152575255,47.8064353221,SRID=4326;POINT(8.86152575255362 47.8064353220893),220000;110000,,substation,Beuren,,50
409,380.0,9.21565014324,48.8523053232,SRID=4326;POINT(9.21565014323537 48.8523053231829),380000;110000,,substation,Umspannwerk Mühlhausen,EnBW AG,50
410,380.0,10.4012813869,48.5146084081,SRID=4326;POINT(10.4012813869114 48.5146084080517),,KRB,plant,Kernkraftwerk Gundremmingen,Kernkraftwerk Gundremmingen GmbH,
411,220.0,8.73757268936,51.7001692737,SRID=4326;POINT(8.73757268935919 51.7001692737445),220000;110000,,substation,Umspannwerk Paderborn Süd,TenneT,50
412,220.0,10.6414677086,53.9191626885,SRID=4326;POINT(10.6414677086397 53.9191626884641),220000;110000,,substation,Lübeck,TenneT;EON_Netz,50
413,380.0,8.67371728898,49.2904393851,SRID=4326;POINT(8.67371728898445 49.2904393851271),380000;220000;110000,,substation,Umspannwerk Wiesloch,EnBW,50
414,220.0,9.48789502699,53.6365577623,SRID=4326;POINT(9.48789502699389 53.6365577623199),220000,,substation,Götzdorf,,50
415,220.0,9.49151079251,53.6580982807,SRID=4326;POINT(9.49151079250535 53.6580982806881),220000,,substation,Abbenfleth,TenneT,50
416,380.0,7.47226685749,47.6466103448,SRID=4326;POINT(7.47226685748746 47.6466103447741),400000,,substation,Poste électrique de Sierentz,,
417,220.0,13.4428541936,48.4345463644,SRID=4326;POINT(13.4428541936116 48.4345463643775),220000,,substation,Freiluftschaltanlage KW Schärding-Neuhaus,,
418,220.0,13.710690104,48.5193051607,SRID=4326;POINT(13.7106901040113 48.5193051606747),220000,,substation,Jochenstein,,
421,380.0,9.09183529743,49.2946188662,SRID=4326;POINT(9.09183529743294 49.2946188662059),380000;220000;110000,,substation,Umspannwerk Hüffenhardt,,50
422,220.0,8.66378315807,49.3600873719,SRID=4326;POINT(8.66378315807233 49.3600873718872),220000;110000,,substation,Umspannanlage Heidelberg-Süd,Stadtwerke Heidelberg Netze GmbH,50
423,220.0,7.95849127307,47.5791483196,SRID=4326;POINT(7.95849127307054 47.5791483196323),,,generator,Kavernenkraftwerk Säckingen,Schluchseewerk AG,
424,220.0,8.34912612289,49.0130521178,SRID=4326;POINT(8.34912612288763 49.0130521177978),220000;110000,,substation,Karlsruhe-West,,50
425,220.0,10.4203895578,52.1652004277,SRID=4326;POINT(10.4203895577612 52.1652004276784),220000,,substation,,Salzgitter AG,50
426,220.0,10.3884721772,52.1513649329,SRID=4326;POINT(10.3884721771883 52.1513649329361),220000,,substation,,,
427,380.0,8.30626265141,49.0128258363,SRID=4326;POINT(8.30626265141083 49.0128258362562),380000,,substation,,EnBW AG,50
428,380.0,14.4598868224,51.8332759246,SRID=4326;POINT(14.4598868223649 51.8332759246019),,,plant,Kraftwerk Jänschwalde,Vattenfall Europe,
429,380.0,6.21619297137,50.9123617957,SRID=4326;POINT(6.21619297137216 50.9123617956925),380000;110000,,substation,Siersdorf,,50
430,380.0,5.91852734478,51.1484263858,SRID=4326;POINT(5.91852734477995 51.1484263858426),380000,,substation,380kV Maasbracht,TenneT,
431,380.0,6.21401539902,50.9438998574,SRID=4326;POINT(6.2140153990158 50.9438998573728),380000,,auxillary_T_node,Kirchberg Süd,Amprion,50
432,220.0,10.9662583424,47.2695304689,SRID=4326;POINT(10.9662583424068 47.2695304688802),220000;110000,,substation,Silz,TIWAG-Netz AG,
433,220.0,11.2777210418,47.495872667,SRID=4326;POINT(11.2777210418419 47.4958726669837),220000;110000,,substation,Umspannwerk Krün,E.ON Netz GmbH,50
434,220.0,11.2869438321,47.4928624569,SRID=4326;POINT(11.2869438320852 47.4928624569052),220000,250;251,auxillary_T_node,Silz (AT) - Krün (DE) - Oberbrunn,,50
435,220.0,13.5053368398,52.474778852,SRID=4326;POINT(13.5053368398164 52.4747788520482),220000,302,auxillary_T_node,302 Marzahn - Thyrow,50Hertz,50
436,380.0,8.46542980021,48.0435236211,SRID=4326;POINT(8.46542980021065 48.0435236210637),380000;110000,,substation,Umspannwerk Villingen,EnBW; Energiedienst,50
437,380.0,8.53055554991,47.9148481846,SRID=4326;POINT(8.53055554991256 47.9148481845625),380000,7630,auxillary_T_node,ENGST-KUHMO-VILLI,EnBW,50
438,220.0,8.24872901623,48.8463165189,SRID=4326;POINT(8.24872901623214 48.8463165189067),220000;110000,,substation,220-kV-Umspannwerk Kuppenheim,,50
439,220.0,8.2497504566,48.8491773731,SRID=4326;POINT(8.24975045659741 48.8491773731136),220000,DAXLA-KUMRA-WEIER,auxillary_T_node,Daxlanden - Weier,EnBW,50
440,220.0,9.45967747872,53.8646574513,SRID=4326;POINT(9.45967747872262 53.8646574512707),220000,202,auxillary_T_node,202,TenneT,50
441,380.0,11.4703941249,50.9303902295,SRID=4326;POINT(11.4703941249156 50.9303902294723),380000;110000,,substation,Großschwabhausen,50Hertz;EON_TEAG,50
442,380.0,11.4299065773,50.9114464611,SRID=4326;POINT(11.4299065773025 50.9114464610955),380000,415,auxillary_T_node,415,50Hertz,50
443,380.0,7.25465688214,53.0266716316,SRID=4326;POINT(7.25465688214231 53.0266716315927),380000,RHED,substation,Umspannwerk Rhede,TenneT,50
444,380.0,7.25501773539,53.0267136928,SRID=4326;POINT(7.25501773539194 53.0267136928067),380000,305,auxillary_T_node,Emsland West,Amprion;TenneT,50
445,220.0,7.37185639417,52.1977066548,SRID=4326;POINT(7.37185639416872 52.1977066547834),220000,,auxillary_T_node,Amelsbüren,Amprion,50
446,220.0,13.3998288404,53.7944477778,SRID=4326;POINT(13.399828840425 53.7944477778114),220000,,substation,Umspannwerk Windpark Iven,50Hertz Transmission,50
447,220.0,13.3984708282,53.7933318755,SRID=4326;POINT(13.3984708281663 53.7933318754816),220000,316,auxillary_T_node,316,50Hertz Transmission,50
448,380.0,7.42474524551,51.4592583943,SRID=4326;POINT(7.42474524551043 51.4592583943398),380000,,auxillary_T_node,Schwerterheide Nord,Amprion,50
449,380.0,7.12336046769,51.4473443869,SRID=4326;POINT(7.12336046768833 51.4473443869048),380000,,auxillary_T_node,Oerkhaus West,Amprion,50
450,380.0,7.41670791196,51.4570521583,SRID=4326;POINT(7.41670791195847 51.4570521583476),380000;220000;110000,,substation,Station Kruckel,RWE;DSW 21; AVU,50
451,380.0,7.41658261385,51.4607823587,SRID=4326;POINT(7.41658261384975 51.4607823586596),380000,,auxillary_T_node,Witten West,Amprion,50
452,380.0,6.53175001009,50.3900512646,SRID=4326;POINT(6.53175001008574 50.39005126464),380000;110000,,substation,Station Dahlem,Amprion; Westnetz,
453,380.0,6.53303653132,50.3922427777,SRID=4326;POINT(6.53303653131644 50.3922427776709),380000,,auxillary_T_node,Selhausen West,Amprion,50
454,380.0,6.60879226771,51.0346787721,SRID=4326;POINT(6.60879226770999 51.0346787720857),380000,,auxillary_T_node,Neurath 2b,Amprion,50
455,380.0,6.80890624664,51.2686075941,SRID=4326;POINT(6.80890624663756 51.2686075940546),380000,,substation,Station Rath,,50
456,380.0,6.72033167479,51.3441235774,SRID=4326;POINT(6.72033167479422 51.3441235773954),380000,,auxillary_T_node,Meerbusch West,Amprion,50
457,220.0,7.13937473426,51.5608313917,SRID=4326;POINT(7.13937473425833 51.5608313916517),220000,,auxillary_T_node,Hochlarmark West,Amprion,50
458,380.0,7.41946378046,51.4575100936,SRID=4326;POINT(7.41946378046051 51.4575100936229),220000,,auxillary_T_node,Haarstrang Ost,Amprion,50
459,220.0,7.19597933005,51.4115753149,SRID=4326;POINT(7.19597933005019 51.4115753148661),220000,,substation,Station Welper,RWE,
460,220.0,7.17920262036,51.4218244824,SRID=4326;POINT(7.17920262035811 51.4218244823956),220000,,auxillary_T_node,Welper Ost,Amprion,50
461,220.0,7.32427958321,51.6213874676,SRID=4326;POINT(7.32427958320741 51.6213874676194),220000,,substation,Rheinzink,,50
462,220.0,7.34371334413,51.6131049439,SRID=4326;POINT(7.34371334412713 51.6131049439167),220000,,auxillary_T_node,Elmenhorst Süd,Amprion,50
463,220.0,6.52272548882,51.3224954693,SRID=4326;POINT(6.52272548882226 51.3224954692993),220000,,auxillary_T_node,Utfort West,Amprion,50
464,220.0,6.96330545404,50.8337629178,SRID=4326;POINT(6.96330545403678 50.8337629177582),220000;110000,,substation,Station Bollenacker,RWE,50
465,220.0,6.92909269081,50.8441529722,SRID=4326;POINT(6.92909269080674 50.8441529722133),220000,,auxillary_T_node,Godorf Ost,Amprion,50
466,220.0,7.09582671881,50.8268716757,SRID=4326;POINT(7.09582671880563 50.8268716757217),220000;110000,,substation,Station Stockem,Westnetz,
467,220.0,7.09435790958,50.8269670893,SRID=4326;POINT(7.09435790958289 50.8269670893312),220000,,auxillary_T_node,Gremberghoven Ost,Amprion,50
468,220.0,6.57729057688,51.5563911802,SRID=4326;POINT(6.57729057687864 51.5563911802085),220000;110000,,substation,Station Ossenberg,Amprion,50
469,220.0,6.65066741434,51.5537022721,SRID=4326;POINT(6.65066741434228 51.5537022721424),220000,,auxillary_T_node,Wesel Ost,Amprion,50
470,380.0,7.82599043341,51.7500675543,SRID=4326;POINT(7.82599043340792 51.7500675542728),380000,,auxillary_T_node,Uentrop Nord,Amprion,50
471,220.0,6.92897905392,50.8438169469,SRID=4326;POINT(6.9289790539233 50.84381694694),220000,,auxillary_T_node,Olefin West,Amprion,50
472,380.0,7.99395911966,51.8230954342,SRID=4326;POINT(7.9939591196577 51.823095434189),380000;110000,,substation,Station Enniger,Amprion,50
473,380.0,7.83402074323,51.7550403465,SRID=4326;POINT(7.83402074322725 51.7550403464858),380000,,auxillary_T_node,Gersteinwerk Ost,Amprion,50
474,220.0,9.14517687189,52.853246436,SRID=4326;POINT(9.14517687189382 52.8532464360106),220000;110000,,substation,Wechold,TenneT TSO GmbH;Avacon AG,50
475,220.0,9.13794792584,52.8470269944,SRID=4326;POINT(9.13794792584036 52.8470269944345),220000,1,auxillary_T_node,Leitung 2010/2023,TenneT,50
476,220.0,8.31888925383,52.0660374597,SRID=4326;POINT(8.31888925383353 52.0660374597241),220000;110000,,substation,Station Hesseln,RWE,50
477,220.0,8.33466775125,52.0705200427,SRID=4326;POINT(8.33466775124759 52.07052004268),220000,,auxillary_T_node,Halle West,Amprion,50
478,380.0,7.9818783186,51.6766515665,SRID=4326;POINT(7.9818783185962 51.6766515664854),380000,,auxillary_T_node,Geithe West,Amprion,50
479,220.0,9.92382983733,51.8975617616,SRID=4326;POINT(9.92382983732643 51.8975617615529),220000,,substation,Erzhausen,,50
480,220.0,9.8524162497,51.8987652474,SRID=4326;POINT(9.8524162497002 51.8987652474175),220000,2030/2001,auxillary_T_node,Leitung 2030/2001,TenneT,50
481,380.0,9.41368122089,52.0274828921,SRID=4326;POINT(9.4136812208929 52.0274828920508),380000,3019;3026;3027,auxillary_T_node,Leitung 3019/3026/3027,,50
482,220.0,10.3552149923,52.1758109607,SRID=4326;POINT(10.3552149923206 52.1758109606876),220000,2,auxillary_T_node,Leitung 2019/2027/2029,TenneT,50
483,380.0,10.70273189,47.8264597977,SRID=4326;POINT(10.7027318899547 47.8264597977002),380000;110000,,substation,Umspannwerk Bidingen Nr. 697 S,LEW,50
484,380.0,10.7037422783,47.8264159805,SRID=4326;POINT(10.7037422782749 47.826415980499),380000,,auxillary_T_node,K12,,
485,220.0,10.194933444,47.9709368783,SRID=4326;POINT(10.1949334440241 47.9709368782958),220000;110000,,substation,Umspannwerk Memmingen,LEW,50
486,220.0,10.6412867739,48.027451241,SRID=4326;POINT(10.6412867739286 48.0274512409907),220000;110000,,substation,Umspannstation Irsingen,,50
487,220.0,10.6418025411,48.0258492685,SRID=4326;POINT(10.6418025411196 48.0258492685192),220000,O11,auxillary_T_node,,,
488,380.0,8.67009921733,49.3092022843,SRID=4326;POINT(8.67009921732699 49.3092022842852),380000,,auxillary_T_node,HD-Neurott - Hüffenhardt,,
489,380.0,9.22808874458,51.8124533664,SRID=4326;POINT(9.22808874457675 51.8124533663924),380000;110000,,substation,Vörden,transpower,
490,380.0,9.23187002273,51.8101190942,SRID=4326;POINT(9.23187002273009 51.810119094224),380000,3012,auxillary_T_node,,TenneT,
491,380.0,10.2341629654,48.5289320394,SRID=4326;POINT(10.2341629653667 48.5289320393823),380000,,auxillary_T_node,Delmensingen - Niederstotzingen - Rotensohl,,50
492,220.0,8.73513573367,50.1591915404,SRID=4326;POINT(8.73513573367143 50.1591915403542),220000;110000,,substation,Umspannwerk Frankfurt Nord,TenneT;Mainova,
493,220.0,8.87225963915,50.1297253197,SRID=4326;POINT(8.87225963914833 50.1297253197387),110000,DOEH,substation,Dörnigheim 110 kV,EON_Netz,50
494,220.0,8.74326052935,50.1623379811,SRID=4326;POINT(8.74326052934848 50.1623379810729),220000,,auxillary_T_node,Staudinger - Dörnigheim - Frankfurt Nord,,
495,380.0,9.3322301656,54.7210227584,SRID=4326;POINT(9.33223016559803 54.7210227584184),380000,,auxillary_T_node,Audorf - Jardelund,TenneT TSO GmbH,50
2_220kV,220.0,9.11321007473,52.5438533224,SRID=4326;POINT(9.11321007472722 52.5438533223737),220000,,substation,Umspannwerk Kraftwerk Robert Frank,TenneT,50
5_220kV,220.0,10.3662749375,52.2846467462,SRID=4326;POINT(10.3662749375017 52.2846467462009),380000;220000,,substation,Wahle,TenneT,50
10_220kV,220.0,12.9416466019,52.5621144046,SRID=4326;POINT(12.9416466019288 52.5621144045848),380000;220000;110000,Wu,substation,Wustermark,50Hertz Transmission GmbH;E.ON edis AG,
12_220kV,220.0,13.7096697058,52.5397952581,SRID=4326;POINT(13.7096697058228 52.5397952580643),380000;220000;110000,NHG TCC,substation,Neuenhagen,50Hertz Transmission GmbH,50
13_220kV,220.0,11.3704262487,48.291492233,SRID=4326;POINT(11.3704262486892 48.2914922329548),380000;220000;110000,OBA,substation,Umspannwerk Oberbachern,TenneT TSO GmbH;E.ON Netz GmbH,
15_220kV,220.0,11.8681562939,48.2068029185,SRID=4326;POINT(11.8681562938884 48.2068029185353),380000;220000,OH,substation,Umspannwerk Ottenhofen,TenneT TSO GmbH,50
18_220kV,220.0,13.6834769667,54.1390906407,SRID=4326;POINT(13.6834769666546 54.1390906406635),380000;220000,,substation,Umspannwerk Lubmin,50Hertz,
20_220kV,220.0,9.98460982001,53.741128776,SRID=4326;POINT(9.98460982000897 53.7411287759659),380000;220000;110000,,substation,Umspannwerk Hamburg-Nord,50Hertz Transmission,50
22_220kV,220.0,9.20210420095,53.89515741,SRID=4326;POINT(9.20210420095253 53.8951574100045),380000;220000;110000,,substation,Umspannwerk Kernkraftwerk Brunsbüttel,50Hertz Transmission,50
24_220kV,220.0,9.72699196993,54.2914209868,SRID=4326;POINT(9.72699196993402 54.2914209867842),220000;110000,,substation,Audorf,TenneT;Schleswig-Holstein Netz AG,50
26_220kV,220.0,9.34400177216,53.8517774635,SRID=4326;POINT(9.34400177215961 53.8517774635399),380000;220000,,substation,Brokdorf,,
30_220kV,220.0,9.50178966782,53.5428143723,SRID=4326;POINT(9.5017896678173 53.5428143723363),380000;220000;110000,,substation,Dollern,,50
32_220kV,220.0,11.1228545605,50.998909067,SRID=4326;POINT(11.1228545605428 50.9989090670144),380000;220000;110000,,substation,Umspannwerk Vieselbach,50Hertz Transmission GmbH,50
37_220kV,220.0,11.6389127631,52.2687346818,SRID=4326;POINT(11.6389127631156 52.2687346818467),380000;220000,,substation,Umspannwerk Wolmirstedt,50Hertz Transmission GmbH,
42_220kV,220.0,12.1869848227,53.8157751724,SRID=4326;POINT(12.1869848227216 53.8157751724384),380000;220000,,substation,Güstrow,50Hertz,50
46_220kV,220.0,13.524198731,52.5356342713,SRID=4326;POINT(13.5241987309997 52.5356342713481),380000;220000;110000,MZA9,substation,Umspannwerk Marzahn,50Hertz,50
52_220kV,220.0,8.31334016593,49.0090434644,SRID=4326;POINT(8.3133401659254 49.0090434643525),380000;220000;110000,,substation,Karlsruhe-Daxlanden,EnBW,50
56_220kV,220.0,8.62320967452,49.3565822493,SRID=4326;POINT(8.62320967451897 49.3565822492832),380000;220000,,substation,Umspannwerk Neurott,EnBW,50
61_220kV,220.0,8.51888180952,53.2026352837,SRID=4326;POINT(8.51888180951659 53.2026352836834),110000,FARG,substation,Umspannwerk Farge,Avacon AG,50
68_220kV,220.0,8.77244296019,49.9746686651,SRID=4326;POINT(8.77244296019056 49.974668665137),380000;220000;110000,,substation,Umspannwerk Urberach,RWE,
69_220kV,220.0,8.41937105938,49.6337356824,SRID=4326;POINT(8.41937105938048 49.6337356823792),380000;220000,,substation,Station Bürstadt,RWE,50
74_220kV,220.0,13.9024346887,51.874723519,SRID=4326;POINT(13.9024346886892 51.8747235190459),380000;110000,RAG,substation,Umspannwerk Ragow,50Hertz,50
78_220kV,220.0,11.6463786274,50.534876971,SRID=4326;POINT(11.6463786274424 50.534876971042),380000;220000;110000,RDF;RE,substation,Umspannwerk Remptendorf,50Hertz Transmission GmbH,50
86_220kV,220.0,7.30820430095,52.4768353863,SRID=4326;POINT(7.30820430094578 52.4768353862806),380000;220000;110000,,substation,Hanekenfähr,Amprion,50
87_220kV,220.0,7.06030699176,51.6964760131,SRID=4326;POINT(7.06030699176008 51.6964760130648),380000;220000;110000,,substation,Station Kusenhorst,RWE,50
94_220kV,220.0,8.3077568968,52.3456356448,SRID=4326;POINT(8.30775689679575 52.3456356447783),380000;220000;110000,,substation,Wehrendorf,Amprion,50
95_220kV,220.0,7.88957671235,52.2773967624,SRID=4326;POINT(7.88957671235007 52.2773967624078),380000;220000;110000,,substation,Station Westerkappeln,Amprion,50
96_220kV,220.0,7.31784994378,52.4691114903,SRID=4326;POINT(7.31784994377907 52.4691114902799),220000,,substation,Benteler Stahlwerk,,50
99_220kV,220.0,6.99647659179,49.3754093063,SRID=4326;POINT(6.99647659179489 49.3754093063084),380000;220000;110000,,substation,Umspannwerk Uchtelfangen,Amprion,50
100_220kV,220.0,6.47473977007,49.9224692994,SRID=4326;POINT(6.47473977006816 49.9224692993999),380000;220000;110000,,substation,Station Niederstedem,Amprion; Westnetz,50
104_220kV,220.0,6.9267589636,51.4992056838,SRID=4326;POINT(6.92675896360373 51.4992056838496),380000;220000,,substation,Station Büscherhof,RWE,50
105_220kV,220.0,6.68078798894,51.6462959357,SRID=4326;POINT(6.68078798893986 51.6462959356851),380000;220000;110000,,substation,Station Niederrhein,RWE,
106_220kV,220.0,7.16721460966,51.3899067582,SRID=4326;POINT(7.16721460965932 51.3899067582106),380000;220000;110000,,substation,Station Hattingen,Amprion,50
107_220kV,220.0,7.12557291067,51.4489772588,SRID=4326;POINT(7.1255729106725 51.4489772588145),380000;220000,,substation,Station Eiberg,RWE,50
117_220kV,220.0,6.97257742701,50.7956930175,SRID=4326;POINT(6.97257742700703 50.795693017514),380000;220000;110000,,substation,Station Sechtem,RWE,
120_220kV,220.0,7.86394571365,50.7682419129,SRID=4326;POINT(7.86394571365263 50.7682419129404),380000;220000;110000,,substation,Station Dauersberg,RWE,50
123_220kV,220.0,6.7022033778,51.0088609097,SRID=4326;POINT(6.70220337779745 51.0088609096753),380000;220000,,substation,Station Rommerskirchen,RWE,50
124_220kV,220.0,6.61240231531,51.0359242595,SRID=4326;POINT(6.61240231530956 51.0359242594819),380000;220000;110000,,substation,KW Neurath,,50
125_220kV,220.0,6.96568442352,51.0693295322,SRID=4326;POINT(6.96568442352005 51.0693295322353),380000;220000;110000,,substation,Station Opladen,RWE,
128_220kV,220.0,7.44948529011,50.4025276621,SRID=4326;POINT(7.44948529010545 50.4025276621126),380000;220000;110000,,substation,Station Weißenthurm,Amprion,50
129_220kV,220.0,6.62582790177,51.2606098249,SRID=4326;POINT(6.62582790177014 51.2606098249047),220000;110000,,substation,Station Osterath,RWE,50
138_220kV,220.0,7.0067498786,51.599911422,SRID=4326;POINT(7.00674987859998 51.5999114220203),,,generator,Kraftwerk Scholven,,
143_220kV,220.0,7.35135784055,51.5683686081,SRID=4326;POINT(7.35135784054859 51.568368608134),,,generator,Kraftwerk Knepper,E.On Kraftwerke GmbH,
156_220kV,220.0,6.84223115148,50.8598647244,SRID=4326;POINT(6.84223115147656 50.8598647243573),380000;220000,,substation,Kraftwerkschaltanlage Knapsack 1,,
157_220kV,220.0,8.3642295307,51.9271204905,SRID=4326;POINT(8.364229530696 51.9271204904611),380000;220000;110000,,substation,Station Gütersloh,Amprion,50
159_220kV,220.0,8.05408735442,53.3323026934,SRID=4326;POINT(8.05408735442182 53.3323026933898),380000;220000;110000,CONN,substation,Conneforde,TenneT,50
160_220kV,220.0,8.47791063609,53.428485469,SRID=4326;POINT(8.47791063608626 53.428485468955),380000;220000,,substation,Kernkraftwerk Unterweser,EON_Netz,50
165_220kV,220.0,7.70831848873,51.6762033088,SRID=4326;POINT(7.70831848872651 51.6762033088437),380000;220000;110000,,substation,Station Gersteinwerk,Amprion,50
184_220kV,220.0,6.61738109143,51.4757909636,SRID=4326;POINT(6.61738109142906 51.4757909635544),380000;220000;110000,,substation,Station Utfort,Amprion,50
191_220kV,220.0,6.71525259692,51.5267908666,SRID=4326;POINT(6.71525259691926 51.5267908666491),220000;110000,,substation,Station Walsum,Amprion,50
195_220kV,220.0,6.68310697664,51.5756455059,SRID=4326;POINT(6.68310697663871 51.5756455059265),220000,,substation,Station Möllen,,
201_220kV,220.0,9.25103425144,53.1144323051,SRID=4326;POINT(9.25103425143703 53.1144323051271),380000;220000;110000,,substation,Sottrum,EON_Netz,50
220_220kV,220.0,8.6593729029,51.9996101319,SRID=4326;POINT(8.65937290290079 51.9996101318907),380000;220000;110000,,substation,Umspannwerk Bechterdissen,TenneT,50
231_220kV,220.0,7.95805402329,47.5954722641,SRID=4326;POINT(7.95805402328778 47.5954722640613),380000;220000,,substation,Lastverteilung/Schaltanlage Kühmoos,Schluchseewerk AG,50
232_220kV,220.0,10.0837512707,48.2688675153,SRID=4326;POINT(10.0837512706734 48.268867515302),380000;220000;110000,Station Nr. 625,substation,Vöhringen LEW,LEW,50
233_220kV,220.0,9.88551509757,48.3040743585,SRID=4326;POINT(9.88551509756969 48.3040743584705),380000;220000;110000,,substation,Umspannwerk Dellmensingen,EnBW,50
236_220kV,220.0,9.19675652645,48.912963438,SRID=4326;POINT(9.19675652645089 48.9129634380259),220000;110000,,substation,Umspannwerk Hoheneck EnBW,EnBW,50
247_220kV,220.0,10.3633842323,47.7383368093,SRID=4326;POINT(10.363384232266 47.7383368092793),380000;220000,,substation,Schaltanlage Leupolz,Amprion,50
248_220kV,220.0,7.46150025902,51.6146143079,SRID=4326;POINT(7.46150025901999 51.6146143079042),,,generator,Trianel Kraftwerk Lünen,Trianel,
250_220kV,220.0,7.7155434195,51.6736430745,SRID=4326;POINT(7.71554341949648 51.6736430744508),,,generator,Gersteinwerk Block F,,
251_220kV,220.0,7.7145945335,51.6730996381,SRID=4326;POINT(7.71459453349968 51.6730996381138),,,generator,Gersteinwerk Block G,,
252_220kV,220.0,7.71270093431,51.6726636622,SRID=4326;POINT(7.71270093431027 51.672663662233),,,generator,Gersteinwerk Block I,,
261_220kV,220.0,9.04543496799,48.9029620138,SRID=4326;POINT(9.0454349679866 48.9029620137561),380000;220000;110000,,substation,380kV-Umspannwerk Pulverdingen,EnBW Transportnetze AG,50
263_220kV,220.0,9.81091689215,47.1426452967,SRID=4326;POINT(9.81091689214732 47.142645296653),380000;220000,,substation,Umspannwerk Bürs,Vorarlberger Illwerke AG,
264_220kV,220.0,9.42551238607,48.0643507981,SRID=4326;POINT(9.42551238607291 48.0643507981263),380000;220000;110000,,substation,Umspannwerk Herbertingen,EnBW,
267_220kV,220.0,6.8018236571,51.1247880606,SRID=4326;POINT(6.8018236570969 51.1247880606241),220000;110000,,substation,Station Sankt Peter 220 kV,RWE,50
272_220kV,220.0,9.31819523639,54.716049409,SRID=4326;POINT(9.31819523638713 54.7160494089748),380000;220000;110000;20000,FLEN,substation,Flensburg,TenneT,50
279_220kV,220.0,12.8139099117,50.8579185114,SRID=4326;POINT(12.8139099116529 50.8579185114397),380000;220000;110000,ROE,substation,Umspannwerk Röhrsdorf,50Hertz,50
281_220kV,220.0,12.0449825162,50.7812567341,SRID=4326;POINT(12.0449825161601 50.7812567340735),380000;220000;110000,,substation,Umspannwerk Weida,50Hertz,
282_220kV,220.0,12.5182220968,51.1570725851,SRID=4326;POINT(12.5182220968156 51.1570725850832),380000;220000;110000,,substation,Eula,50Hertz Transmission,50
292_220kV,220.0,11.6441811001,51.9085128734,SRID=4326;POINT(11.6441811001256 51.908512873438),220000;110000,MD 38,substation,Umspannwerk Förderstedt,50Hertz,50
303_220kV,220.0,9.38765125749,51.6407335256,SRID=4326;POINT(9.38765125748855 51.640733525594),380000;220000;110000,,substation,Umspannanlage Würgassen,,
307_220kV,220.0,9.15135394991,49.1433834119,SRID=4326;POINT(9.15135394990856 49.1433834119236),380000;220000;110000,,substation,380-kV-Umspannwerk Großgartach,,
308_220kV,220.0,10.1878339996,49.9812190408,SRID=4326;POINT(10.1878339995516 49.981219040845),380000,GR,substation,Grafenrheinfeld,,
312_220kV,220.0,10.1174866947,48.8971053361,SRID=4326;POINT(10.1174866946797 48.8971053361382),380000;220000;110000,,substation,Umspannwerk Goldshöfe,EnBW,50
315_220kV,220.0,10.8408695619,48.2380310092,SRID=4326;POINT(10.8408695619217 48.2380310092335),380000;220000;110000,173A,substation,Umspannwerk Oberottmarshausen,Lech-Elektrizitätswerke,50
317_220kV,220.0,10.873935757,47.2444239286,SRID=4326;POINT(10.8739357569814 47.2444239286028),380000;220000;110000,,substation,APG Umspannwerk Westtirol,Austrian Power Grid AG,50
322_220kV,220.0,7.75186249821,48.0964057189,SRID=4326;POINT(7.75186249820802 48.0964057188536),220000;110000,,substation,220-kV-Umspannwerk Eichstetten,EnBW,50
332_220kV,220.0,13.1034346393,48.6667929606,SRID=4326;POINT(13.1034346393158 48.6667929606034),380000;220000;110000,PT,substation,Umspannwerk Pleinting,"TenneT TSO GmbH, E.ON Netz GmbH",50
334_220kV,220.0,11.1937277954,50.1622144406,SRID=4326;POINT(11.193727795361 50.1622144406172),380000;110000,RED,substation,Umspannwerk Redwitz,,
336_220kV,220.0,11.8107025454,50.1837655261,SRID=4326;POINT(11.8107025453557 50.1837655260691),380000;220000;110000,MH,substation,Umspannwerk Mechlenreuth,TenneT TSO GmbH;E.ON Netz GmbH,50
338_220kV,220.0,12.0822544457,49.2974477669,SRID=4326;POINT(12.0822544456506 49.2974477669261),380000;220000;110000,SD,substation,Schwandorf,"TenneT TSO GmbH, E.ON Netz GmbH",50
351_220kV,220.0,11.5077305511,48.7611239877,SRID=4326;POINT(11.5077305510922 48.7611239877457),380000;220000;110000,IN,substation,Ingolstadt,,50
353_220kV,220.0,11.5813705216,48.7648940509,SRID=4326;POINT(11.5813705216127 48.7648940508515),380000;220000;110000,IRS,substation,Irsching,,50
360_220kV,220.0,6.77320783778,49.2910742104,SRID=4326;POINT(6.77320783777607 49.2910742103854),380000;220000;110000,,substation,Umspannanlage Ensdorf,,50
362_220kV,220.0,8.04936352422,47.5508818535,SRID=4326;POINT(8.04936352422006 47.550881853478),380000;220000,,substation,Laufenburg,,50
382_220kV,220.0,10.160291269,49.9891947838,SRID=4326;POINT(10.1602912689993 49.9891947837947),380000;220000;110000,BRF,substation,Umspannwerk Bergrheinfeld,TenneT TSO GmbH,50
384_220kV,220.0,10.843117799,49.3786926858,SRID=4326;POINT(10.8431177989998 49.3786926858391),380000;220000;110000,RAI,substation,Umspannwerk Raitersaich,TenneT TSO GmbH;E.ON Netz GmbH,50
385_220kV,220.0,9.09051754869,49.9700413736,SRID=4326;POINT(9.09051754868887 49.9700413735997),380000;220000;110000,AS,substation,Umspannwerk Aschaffenburg,TenneT TSO GmbH;E.ON Netz GmbH,50
391_220kV,220.0,8.95464412134,50.0860157333,SRID=4326;POINT(8.95464412133747 50.0860157333265),220000;110000,,substation,Kraftwerkseinspeisung Staudinger,,50
403_220kV,220.0,8.25885994833,47.6342116214,SRID=4326;POINT(8.25885994832776 47.6342116213731),380000;220000;110000,,substation,Tiengen,Amprion,50
404_220kV,220.0,8.23209442034,47.5561434831,SRID=4326;POINT(8.23209442033504 47.5561434831307),380000;220000,,substation,Betznau,,
413_220kV,220.0,8.67371728898,49.2904393851,SRID=4326;POINT(8.67371728898445 49.2904393851271),380000;220000;110000,,substation,Umspannwerk Wiesloch,EnBW,50
421_220kV,220.0,9.09183529743,49.2946188662,SRID=4326;POINT(9.09183529743294 49.2946188662059),380000;220000;110000,,substation,Umspannwerk Hüffenhardt,,50
450_220kV,220.0,7.41670791196,51.4570521583,SRID=4326;POINT(7.41670791195847 51.4570521583476),380000;220000;110000,,substation,Station Kruckel,RWE;DSW 21; AVU,50
458_220kV,220.0,7.41946378046,51.4575100936,SRID=4326;POINT(7.41946378046051 51.4575100936229),220000,,auxillary_T_node,Haarstrang Ost,Amprion,50
